period_number,start_date,end_date,period_return,cumulative_value,positions,days
0,2013-09-16,2013-09-24,0.018170215816472712,1.0181702158164727,"['医药卫生', '消费ETF']",5
1,2013-09-25,2013-10-08,0.01862122846447689,1.037129796020917,"['医药卫生', '消费ETF']",5
2,2013-10-09,2013-10-15,0.019240670800257043,1.0570848690032932,"['医药卫生', '消费ETF']",5
3,2013-10-16,2013-10-22,0.0010578241525209808,1.0582030789089893,"['消费ETF', '医药卫生']",5
4,2013-10-23,2013-10-29,-0.05022038335721979,1.0050597146163895,"['医药卫生', '消费ETF']",5
5,2013-10-30,2013-11-05,-0.00916645414811057,0.9958468808262453,"['消费ETF', '医药ETF', '医药卫生']",5
6,2013-11-06,2013-11-12,-0.007548198288967578,0.9883300311043189,"['消费ETF', '医药ETF', '医药卫生']",5
7,2013-11-13,2013-11-19,0.013352909257128065,1.0015271123257494,"['医药卫生', '医药ETF', '消费ETF']",5
8,2013-11-20,2013-11-26,-0.006028415643088869,0.9954894906148273,"['消费ETF', '医药ETF', '医药卫生']",5
9,2013-11-27,2013-12-03,0.01144936176049094,1.0068872099216433,"['消费ETF', '医药ETF', '医药卫生']",5
10,2013-12-04,2013-12-10,0.008686128403281757,1.0156331615146448,"['医药卫生', '医药ETF', '消费ETF']",5
11,2013-12-11,2013-12-17,-0.01596851756825779,0.999415005532093,"['消费ETF', '医药卫生', '医药ETF']",5
12,2013-12-18,2013-12-24,0.0028175004947832427,1.0022308578046735,"['医药卫生', '医药ETF', '消费ETF']",5
13,2013-12-25,2013-12-31,0.010312886469212579,1.0125667508571545,"['医药卫生', '医药ETF', '消费ETF']",5
14,2014-01-02,2014-01-08,-0.008236204290051785,1.004227044239781,"['医药ETF', '医药卫生', '消费ETF']",5
15,2014-01-09,2014-01-15,-0.010492993613369972,0.9936896962781995,"['医药卫生', '医药ETF', '消费ETF']",5
16,2014-01-16,2014-01-22,-0.006450637079692401,0.9872797646776791,"['医药卫生', '医药ETF', '消费ETF']",5
17,2014-01-23,2014-01-29,-0.008006826800521227,0.9793747865982455,"['医药卫生', '消费ETF', '医药ETF']",5
18,2014-01-30,2014-02-12,0.033674342815883884,1.012354588907388,"['医药卫生', '医药ETF', '消费ETF']",5
19,2014-02-13,2014-02-19,0.015617971263114372,1.0281655137850254,"['消费ETF', '医药卫生', '医药ETF']",5
20,2014-02-20,2014-02-26,-0.03781564149574257,0.989284775317445,"['医药卫生', '消费ETF', '医药ETF']",5
21,2014-02-27,2014-03-05,-0.015880503783653466,0.9735744346999055,"['医药卫生', '医药ETF', '消费ETF']",5
22,2014-03-06,2014-03-12,-0.006929397877773247,0.9668281500782416,"['消费ETF', '医药卫生', '医药ETF']",5
23,2014-03-13,2014-03-19,0.008906598895900064,0.9754393006122536,"['消费ETF', '医药卫生', '医药ETF']",5
24,2014-03-20,2014-03-26,-0.00498240111291437,0.9705792707553027,"['消费ETF', '医药卫生', '医药ETF']",5
25,2014-03-27,2014-04-02,-0.022441348883706413,0.9487981627209896,"['消费ETF', '医药ETF', '医药卫生']",5
26,2014-04-03,2014-04-10,0.029086242551474628,0.9763951362142858,"['消费ETF', '医药卫生', '医药ETF']",5
27,2014-04-11,2014-04-17,-0.003170036999382675,0.9732999275064692,"['消费ETF', '医药ETF', '医药卫生']",5
28,2014-04-18,2014-04-24,-0.025654833025300805,0.9483300803827533,"['消费ETF', '医药卫生', '医药ETF']",5
29,2014-04-25,2014-05-05,-0.015533925667939763,0.9335987914054164,"['消费ETF', '医药ETF', '医药卫生']",5
30,2014-05-06,2014-05-12,0.0012092873166493767,0.9347277805827021,"['医药ETF', '消费ETF', '医药卫生']",5
31,2014-05-13,2014-05-19,-0.03403849182642704,0.9029110566634035,"['消费ETF', '医药ETF', '医药卫生']",5
32,2014-05-20,2014-05-26,0.023773382541625976,0.9243763066145264,"['医药ETF', '医药卫生', '消费ETF']",5
33,2014-05-27,2014-06-03,-0.004781896877286473,0.9199560344404888,"['医药ETF', '医药卫生', '消费ETF']",5
34,2014-06-04,2014-06-10,0.0029421553721635796,0.9226626880293721,"['医药卫生', '医药ETF', '消费ETF']",5
35,2014-06-11,2014-06-17,0.003714234099179592,0.9260896732472915,"['医药卫生', '医药ETF', '消费ETF']",5
36,2014-06-18,2014-06-24,-0.005659495741885623,0.9208484726849442,"['医药卫生', '医药ETF', '消费ETF']",5
37,2014-06-25,2014-07-01,0.021114263444490744,0.940291509929671,"['医药卫生', '可选消费', '医药ETF']",5
38,2014-07-02,2014-07-08,0.006072058010490933,0.9460010145247361,"['医药卫生', '可选消费', '医药ETF']",5
39,2014-07-09,2014-07-15,0.008925812733839411,0.9544448424264059,"['消费ETF', '医药卫生', '可选消费']",5
40,2014-07-16,2014-07-22,0.006032758997439602,0.9602027781371136,"['消费ETF', '医药卫生', '可选消费']",5
41,2014-07-23,2014-07-29,0.021051789228732964,0.9804167646392999,"['消费ETF', '可选消费', '医药卫生']",5
42,2014-07-30,2014-08-05,0.029171472018461486,1.009016964855406,"['消费ETF', '医药ETF', '医药卫生']",5
43,2014-08-06,2014-08-12,0.001570567521937516,1.0106016941294917,"['消费ETF', '可选消费', '医药卫生']",5
44,2014-08-13,2014-08-19,0.01236993809817677,1.023102774527786,"['消费ETF', '可选消费', '医药卫生']",5
45,2014-08-20,2014-08-26,-0.018996344049422742,1.0036675622249374,"['可选消费', '消费ETF', '医药卫生']",5
46,2014-08-27,2014-09-02,0.02894119069858303,1.0327148965412711,"['可选消费', '消费ETF', '医药卫生']",5
47,2014-09-03,2014-09-10,0.0206453473546353,1.054035654298672,"['可选消费', '消费ETF', '医药卫生']",5
48,2014-09-11,2014-09-17,-0.013758405819567776,1.0395338040185371,"['可选消费', '医药卫生', '消费ETF']",5
49,2014-09-18,2014-09-24,0.026562702510642522,1.067146631204438,"['医药卫生', '医药ETF', '可选消费']",5
50,2014-09-25,2014-10-08,0.04218724048875333,1.1121666027718227,"['可选消费', '医药卫生', '医药ETF']",5
51,2014-10-09,2014-10-15,0.01616791500430237,1.1301480178760612,"['医药卫生', '医药ETF', '可选消费']",5
52,2014-10-16,2014-10-22,-0.03867913351785046,1.086434871797699,"['医药卫生', '医药ETF', '可选消费']",5
53,2014-10-23,2014-10-29,0.020438429107707767,1.1086398939050779,"['医药ETF', '可选消费', '医药卫生']",5
54,2014-10-30,2014-11-05,-0.007885655313270123,1.0998975418352022,"['医药卫生', '医药ETF', '可选消费']",5
55,2014-11-06,2014-11-12,-0.003534851720081167,1.096009567117533,"['可选消费', '医药ETF', '医药卫生']",5
56,2014-11-13,2014-11-19,0.002653405756264382,1.0989177252118434,"['消费ETF', '可选消费', '医药ETF']",5
57,2014-11-20,2014-11-26,0.023676065876736985,1.1249357736670729,"['可选消费', '医药ETF', '医药卫生']",5
58,2014-11-27,2014-12-03,0.02457867600490493,1.1525852055743628,"['消费ETF', '可选消费', '医药ETF']",5
59,2014-12-04,2014-12-10,0.015014646316594327,1.169890864785801,"['消费ETF', '医药卫生', '可选消费']",5
60,2014-12-11,2014-12-17,0.004009697292797654,1.1745817730192014,"['消费ETF', '可选消费', '医药ETF']",5
61,2014-12-18,2014-12-24,-0.024949321137504255,1.1452767551618863,"['消费ETF', '可选消费', '医药ETF']",5
62,2014-12-25,2014-12-31,0.012705705794293864,1.1598283046660167,"['消费ETF', '可选消费', '医药ETF']",5
63,2015-01-05,2015-01-09,0.03399292809788523,1.1992542648324207,"['消费ETF', '医药ETF', '可选消费']",5
64,2015-01-12,2015-01-16,0.007783379850131,1.208588516312501,"['医药ETF', '消费ETF', '可选消费']",5
65,2015-01-19,2015-01-23,0.013150057259674774,1.2244815245053957,"['医药ETF', '医药卫生', '消费ETF']",5
66,2015-01-26,2015-01-30,0.0037289985552559912,1.229047614341214,"['医药卫生', '可选消费', '医药ETF']",5
67,2015-02-02,2015-02-06,-0.028425680957790522,1.194111098974017,"['可选消费', '医药ETF', '医药卫生']",5
68,2015-02-09,2015-02-13,0.04887070530077797,1.2524681505883641,"['可选消费', '医药卫生', '消费ETF']",5
69,2015-02-16,2015-02-27,0.02602817408640412,1.2850676096495548,"['可选消费', '医药卫生', '消费ETF']",5
70,2015-03-02,2015-03-06,0.011931406555869994,1.3004002737520637,"['可选消费', '消费ETF', '医药卫生']",5
71,2015-03-09,2015-03-13,0.03505771927374646,1.3459893414927666,"['可选消费', '消费ETF', '医药卫生']",5
72,2015-03-16,2015-03-20,0.06505921152723704,1.433558346774351,"['可选消费', '消费ETF', '医药卫生']",5
73,2015-03-23,2015-03-27,0.04901103301133092,1.5038185222317775,"['可选消费', '消费ETF', '医药卫生']",5
74,2015-03-30,2015-04-03,0.04711750168540085,1.5746746939875702,"['可选消费', '医药卫生', '消费ETF']",5
75,2015-04-07,2015-04-13,0.05489074335935551,1.6611097584897137,"['医药卫生', '可选消费', '消费ETF']",5
76,2015-04-14,2015-04-20,-0.03192062932879991,1.6080860896145113,"['医药卫生', '医药ETF', '消费ETF']",5
77,2015-04-21,2015-04-27,0.06124547709465289,1.7065740893822268,"['消费ETF', '医药卫生', '医药ETF']",5
78,2015-04-28,2015-05-05,-0.058257613091554195,1.6071531563709256,"['可选消费', '消费ETF', '医药卫生']",5
79,2015-05-06,2015-05-12,0.05795867561312562,1.700301624821639,"['医药ETF', '消费ETF', '医药卫生']",5
80,2015-05-13,2015-05-19,0.02424491340397794,1.7415252904760825,"['可选消费', '消费ETF', '医药卫生']",5
81,2015-05-20,2015-05-26,0.12499119593173802,1.9592006192780556,"['可选消费', '医药卫生', '医药ETF']",5
82,2015-05-27,2015-06-02,0.0576611219978731,2.072170325204556,"['医药卫生', '可选消费', '消费ETF']",5
83,2015-06-03,2015-06-09,-0.049385026885300554,1.969836137983407,"['可选消费', '医药卫生', '医药ETF']",5
84,2015-06-10,2015-06-16,0.012100309189226222,1.9936717643051176,"['医药卫生', '可选消费', '消费ETF']",5
85,2015-06-17,2015-06-24,-0.057489639712292484,1.8790562928706458,"['可选消费', '消费ETF', '医药卫生']",5
86,2015-06-25,2015-07-01,-0.10710182745150754,1.6778059300199444,"['消费ETF', '医药ETF', '可选消费']",5
87,2015-07-02,2015-07-08,-0.24542588843941848,1.2660289190158747,"['医药ETF', '消费ETF', '医药卫生']",5
88,2015-07-09,2015-07-15,0.2529665412864617,1.5862918758279583,"['消费ETF', '医药卫生', '医药ETF']",5
89,2015-07-16,2015-07-22,0.04589751457100477,1.6590987303126385,"['医药ETF', '医药卫生', '消费ETF']",5
90,2015-07-23,2015-07-29,-0.038135960842053174,1.5958274061003357,"['医药ETF', '医药卫生', '消费ETF']",5
91,2015-07-30,2015-08-05,-0.004361933962978126,1.5888665123386154,"['消费ETF', '医药ETF', '医药卫生']",5
92,2015-08-06,2015-08-12,0.03552909168882534,1.6453174963367982,"['医药ETF', '医药卫生', '可选消费']",5
93,2015-08-13,2015-08-19,-0.00502222748912351,1.6370543375783597,"['可选消费', '消费ETF', '医药ETF']",5
94,2015-08-20,2015-08-26,-0.1971877177492628,1.3142473289197518,"['可选消费', '医药ETF', '消费ETF']",5
95,2015-08-27,2015-09-02,0.03692106236367665,1.3627707365120934,"['消费ETF', '医药卫生', '医药ETF']",5
96,2015-09-07,2015-09-11,0.026723733977920938,1.399189059147538,"['消费ETF', '医药ETF', '医药卫生']",5
97,2015-09-14,2015-09-18,-0.04980154279589899,1.3295072853388483,"['可选消费', '医药ETF', '消费ETF']",5
98,2015-09-21,2015-09-25,-0.014649384068980198,1.3100308224934123,"['医药ETF', '医药卫生', '消费ETF']",5
99,2015-09-28,2015-10-09,0.03665690795546461,1.358052501772375,"['医药ETF', '可选消费', '医药卫生']",5
100,2015-10-12,2015-10-16,0.0378797226550438,1.409495153890501,"['医药卫生', '医药ETF', '消费ETF']",5
101,2015-10-19,2015-10-23,0.04264719193578026,1.4696061642510212,"['医药卫生', '消费ETF', '医药ETF']",5
102,2015-10-26,2015-10-30,-0.017238459008079965,1.4442724186305584,"['医药ETF', '医药卫生', '可选消费']",5
103,2015-11-02,2015-11-06,0.04420788673889153,1.5081206501334832,"['可选消费', '医药卫生', '医药ETF']",5
104,2015-11-09,2015-11-13,-0.002118033858715118,1.504926399533473,"['可选消费', '消费ETF', '医药ETF']",5
105,2015-11-16,2015-11-20,0.005197680817853545,1.5127485266126095,"['可选消费', '医药ETF', '医药卫生']",5
106,2015-11-23,2015-11-27,-0.03748122577061885,1.4560488575524713,"['可选消费', '消费ETF', '医药ETF']",5
107,2015-11-30,2015-12-04,0.041256909638962114,1.5161209336984276,"['可选消费', '消费ETF', '医药卫生']",5
108,2015-12-07,2015-12-11,-0.005749684710529834,1.5074037163466276,"['医药ETF', '医药卫生', '可选消费']",5
109,2015-12-14,2015-12-18,0.038218012518962396,1.5650136904490934,"['医药ETF', '可选消费', '医药卫生']",5
110,2015-12-21,2015-12-25,0.024513252389841478,1.6033772660366292,"['医药ETF', '医药卫生', '消费ETF']",5
111,2015-12-28,2016-01-04,-0.040729381606039006,1.538072701509776,"['可选消费', '医药ETF', '医药卫生']",5
112,2016-01-05,2016-01-11,-0.10086586623599803,1.3829336661380507,"['医药ETF', '消费ETF', '可选消费']",5
113,2016-01-12,2016-01-18,-0.05605802686980621,1.3054091335225242,"['医药ETF', '消费ETF', '医药卫生']",5
114,2016-01-19,2016-01-25,-0.0021917039193751764,1.3025480632081947,"['消费ETF', '可选消费', '医药ETF']",5
115,2016-01-26,2016-02-01,-0.03897132860576291,1.2517860346121081,"['消费ETF', '医药ETF', '医药卫生']",5
116,2016-02-02,2016-02-15,0.011918502151142985,1.2667054491584033,"['医药ETF', '医药卫生', '消费ETF']",5
117,2016-02-16,2016-02-22,0.03958875200637846,1.3168527370502636,"['医药卫生', '可选消费', '医药ETF']",5
118,2016-02-23,2016-02-29,-0.05997709959552089,1.2378717292875656,"['可选消费', '医药卫生', '医药ETF']",5
119,2016-03-01,2016-03-07,0.021590493309405767,1.2645979905766513,"['可选消费', '医药ETF', '消费ETF']",5
120,2016-03-08,2016-03-14,0.001354842507999443,1.2663113216898152,"['可选消费', '消费ETF', '医药卫生']",5
121,2016-03-15,2016-03-21,0.03775330513968278,1.3141187594194057,"['消费ETF', '可选消费', '医药ETF']",5
122,2016-03-22,2016-03-28,0.0022066078541493894,1.3170185041952256,"['消费ETF', '医药卫生', '医药ETF']",5
123,2016-03-29,2016-04-05,0.010061566224833118,1.3302697730945165,"['消费ETF', '医药ETF', '医药卫生']",5
124,2016-04-06,2016-04-12,-2.1154286804603295e-05,1.330241632186209,"['医药卫生', '消费ETF', '可选消费']",5
125,2016-04-13,2016-04-19,-0.001308545034132802,1.328500951104215,"['医药卫生', '医药ETF', '消费ETF']",5
126,2016-04-20,2016-04-26,-0.02304360887333179,1.2978874947991201,"['可选消费', '医药卫生', '消费ETF']",5
127,2016-04-27,2016-05-04,0.023771157401109466,1.3287397827269216,"['可选消费', '消费ETF', '医药卫生']",5
128,2016-05-05,2016-05-11,-0.0024553289435355063,1.3254772894799651,"['消费ETF', '可选消费', '医药ETF']",5
129,2016-05-12,2016-05-18,-0.021735972991510644,1.2966667509149679,"['消费ETF', '医药ETF', '可选消费']",5
130,2016-05-19,2016-05-25,-0.00334200739021262,1.292333281050767,"['消费ETF', '医药ETF', '医药卫生']",5
131,2016-05-26,2016-06-01,0.014672755177038699,1.3112953708907642,"['消费ETF', '医药ETF', '可选消费']",5
132,2016-06-02,2016-06-08,0.012705590763518737,1.3279561532433988,"['消费ETF', '医药ETF', '医药卫生']",5
133,2016-06-13,2016-06-17,-0.003644190027344063,1.323116828672999,"['可选消费', '医药卫生', '消费ETF']",5
134,2016-06-20,2016-06-24,-0.01153512882116059,1.3078545056088107,"['消费ETF', '医药ETF', '医药卫生']",5
135,2016-06-27,2016-07-01,0.03579136657083137,1.354664405640369,"['消费ETF', '医药卫生', '可选消费']",5
136,2016-07-04,2016-07-08,0.037494363177503987,1.4054566848490866,"['医药卫生', '消费ETF', '医药ETF']",5
137,2016-07-11,2016-07-15,0.033733603689541924,1.4528678036586031,"['消费ETF', '医药卫生', '医药ETF']",5
138,2016-07-18,2016-07-22,-0.010677867879789416,1.4373542732043367,"['医药卫生', '医药ETF', '可选消费']",5
139,2016-07-25,2016-07-29,0.0077289629968706475,1.448463531195327,"['消费ETF', '医药ETF', '可选消费']",5
140,2016-08-01,2016-08-05,-0.009797796077545495,1.4342717808909136,"['消费ETF', '医药ETF', '医药卫生']",5
141,2016-08-08,2016-08-12,-0.021622242055963747,1.4032596092704521,"['可选消费', '医药ETF', '军工ETF']",5
142,2016-08-15,2016-08-19,0.014764333767684157,1.4239778025044312,"['医药ETF', '证券保险', '医药卫生']",5
143,2016-08-22,2016-08-26,0.0008949326113629752,1.4252521666777493,"['医药ETF', '医药卫生', '可选消费']",5
144,2016-08-29,2016-09-02,-0.003954011983224426,1.419616702531589,"['医药卫生', '医药ETF', '军工ETF']",5
145,2016-09-05,2016-09-09,0.001850702079527311,1.4222439901150958,"['医药卫生', '证券保险', '医药ETF']",5
146,2016-09-12,2016-09-20,-0.01119768286441114,1.4063181529579722,"['医药卫生', '可选消费', '医药ETF']",5
147,2016-09-21,2016-09-27,-0.009456186659812627,1.3930197460005187,"['医药ETF', '可选消费', '医药卫生']",5
148,2016-09-28,2016-10-11,0.02511358835083688,1.428003470466163,"['医药ETF', '医药卫生', '消费ETF']",5
149,2016-10-12,2016-10-18,0.0029334844574755436,1.4321924964519968,"['医药ETF', '可选消费', '军工ETF']",5
150,2016-10-19,2016-10-25,-0.0023356336355506713,1.4288474194847003,"['医药卫生', '医药ETF', '军工ETF']",5
151,2016-10-26,2016-11-01,0.008941092787052352,1.4416228768408532,"['可选消费', '证券保险', '消费ETF']",5
152,2016-11-02,2016-11-08,0.01215361026691486,1.4591437994378456,"['证券保险', '券商ETF', '消费ETF']",5
153,2016-11-09,2016-11-15,0.025233858277665888,1.495963627279595,"['证券保险', '可选消费', '券商ETF']",5
154,2016-11-16,2016-11-22,0.0016134679473247537,1.4983773166425745,"['证券保险', '券商ETF', '军工ETF']",5
155,2016-11-23,2016-11-29,0.010823090774384259,1.5145943903548753,"['可选消费', '证券保险', '券商ETF']",5
156,2016-11-30,2016-12-06,-0.04174545017785081,1.4513669656926635,"['证券保险', '券商ETF', '消费ETF']",5
157,2016-12-07,2016-12-13,-0.030168866140680484,1.407580869983676,"['军工ETF', '可选消费', '医药ETF']",5
158,2016-12-14,2016-12-20,0.0029311863930010507,1.4117067518768207,"['消费ETF', '医药ETF', '军工ETF']",5
159,2016-12-21,2016-12-27,0.002639142119589488,1.4154324466262076,"['军工ETF', '医药ETF', '消费ETF']",5
160,2016-12-28,2017-01-04,0.022709956756384653,1.4475768562806726,"['医药ETF', '可选消费', '军工ETF']",5
161,2017-01-05,2017-01-11,0.007975112680226104,1.4591214448227985,"['军工ETF', '消费ETF', '医药ETF']",5
162,2017-01-12,2017-01-18,-0.027812993450919032,1.4185389096338465,"['消费ETF', '军工ETF', '医药卫生']",5
163,2017-01-19,2017-01-25,0.01136040454760523,1.434654085513806,"['证券保险', '医药卫生', '消费ETF']",5
164,2017-01-26,2017-02-08,0.015209497123147342,1.4564744527001396,"['军工ETF', '消费ETF', '证券保险']",5
165,2017-02-09,2017-02-15,-0.003463824027149953,1.4514294814959467,"['军工ETF', '消费ETF', '券商ETF']",5
166,2017-02-16,2017-02-22,0.025455177315065525,1.4883758763077397,"['证券保险', '券商ETF', '可选消费']",5
167,2017-02-23,2017-03-01,0.006751990582011258,1.4984253762070623,"['消费ETF', '可选消费', '医药卫生']",5
168,2017-03-02,2017-03-08,-0.00041811126528035203,1.4977988676770881,"['可选消费', '医药卫生', '军工ETF']",5
169,2017-03-09,2017-03-15,0.004006908908848139,1.503800411303646,"['消费ETF', '医药卫生', '可选消费']",5
170,2017-03-16,2017-03-22,0.03269738653673038,1.5529707546261355,"['消费ETF', '医药ETF', '可选消费']",5
171,2017-03-23,2017-03-29,-0.0037562090903099365,1.5471374717606234,"['医药ETF', '消费ETF', '医药卫生']",5
172,2017-03-30,2017-04-07,0.00869820719330816,1.5605947940465283,"['消费ETF', '医药ETF', '可选消费']",5
173,2017-04-10,2017-04-14,-0.006196279444971697,1.550924912602248,"['医药ETF', '环保ETF', '军工ETF']",5
174,2017-04-17,2017-04-21,-0.0010537979310319967,1.5492905511381618,"['环保ETF', '医药ETF', '消费ETF']",5
175,2017-04-24,2017-04-28,-0.010076941540233197,1.5336784408255069,"['医药ETF', '消费ETF', '医药卫生']",5
176,2017-05-02,2017-05-08,-0.030096204303603158,1.4875205411343908,"['环保ETF', '医药卫生', '消费ETF']",5
177,2017-05-09,2017-05-15,-0.0020714054734758403,1.4844392829435773,"['医药ETF', '消费ETF', '可选消费']",5
178,2017-05-16,2017-05-22,0.017361365897668346,1.5102111764876331,"['消费ETF', '医药ETF', '医药卫生']",5
179,2017-05-23,2017-05-31,0.0035724929111118353,1.515606395209917,"['医药ETF', '消费ETF', '医药卫生']",5
180,2017-06-01,2017-06-07,0.00687192518853208,1.5260215289730603,"['券商ETF', '医药ETF', '证券保险']",5
181,2017-06-08,2017-06-14,0.0340886486503269,1.5780415407070576,"['消费ETF', '医药ETF', '医药卫生']",5
182,2017-06-15,2017-06-21,0.006072321084913845,1.5876239156275629,"['医药ETF', '消费ETF', '券商ETF']",5
183,2017-06-22,2017-06-28,0.010738143579563708,1.6046720491839208,"['券商ETF', '消费ETF', '证券保险']",5
184,2017-06-29,2017-07-05,-0.00013781220649222714,1.6044509057881264,"['消费ETF', '军工ETF', '医药ETF']",5
185,2017-07-06,2017-07-12,-0.0097263410340801,1.5888454691059923,"['可选消费', '军工ETF', '消费ETF']",5
186,2017-07-13,2017-07-19,0.012785511872987598,1.6091596717155896,"['证券保险', '券商ETF', '军工ETF']",5
187,2017-07-20,2017-07-26,-0.009230670901898996,1.5943060483573752,"['证券保险', '券商ETF', '医药ETF']",5
188,2017-07-27,2017-08-02,0.006410099303343797,1.6045257084472677,"['证券保险', '券商ETF', '军工ETF']",5
189,2017-08-03,2017-08-09,-0.003077246802774103,1.5995881868409796,"['证券保险', '券商ETF', '消费ETF']",5
190,2017-08-10,2017-08-16,0.01426063738455774,1.622399333938141,"['消费ETF', '军工ETF', '医药卫生']",5
191,2017-08-17,2017-08-23,-0.008535152733690654,1.608551907827941,"['军工ETF', '消费ETF', '环保ETF']",5
192,2017-08-24,2017-08-30,0.015540366279146234,1.6335493936546068,"['消费ETF', '环保ETF', '银行ETF']",5
193,2017-08-31,2017-09-06,0.013501015352172852,1.6556039690968702,"['证券保险', '券商ETF', '军工ETF']",5
194,2017-09-07,2017-09-13,0.003156608309236919,1.660830062342527,"['环保ETF', '券商ETF', '证券保险']",5
195,2017-09-14,2017-09-20,0.003185716039751263,1.6661209953114327,"['环保ETF', '券商ETF', '证券保险']",5
196,2017-09-21,2017-09-27,-0.01355625257214621,1.6435346382832352,"['券商ETF', '证券保险', '环保ETF']",5
197,2017-09-28,2017-10-11,0.04492827237477348,1.7173758101693992,"['消费ETF', '军工ETF', '医药ETF']",5
198,2017-10-12,2017-10-18,0.00634235431076724,1.7282680160422346,"['消费ETF', '医药ETF', '医药卫生']",5
199,2017-10-19,2017-10-25,0.03032131961819906,1.780671382942562,"['消费ETF', '医药ETF', '医药卫生']",5
200,2017-10-26,2017-11-01,0.0058576987967744465,1.7911020195598752,"['医药ETF', '医药卫生', '消费ETF']",5
201,2017-11-02,2017-11-08,0.05374634617518659,1.887367208738216,"['消费ETF', '医药ETF', '医药卫生']",5
202,2017-11-09,2017-11-15,-0.03332955274861793,1.824462103798564,"['消费ETF', '医药卫生', '医药ETF']",5
203,2017-11-16,2017-11-22,0.010959812830730886,1.8444578669729577,"['消费ETF', '医药卫生', '医药ETF']",5
204,2017-11-23,2017-11-29,-0.041376051150203486,1.7681414839246894,"['银行ETF', '可选消费', '消费ETF']",5
205,2017-11-30,2017-12-06,-0.0035952455739675093,1.7617845810804609,"['银行ETF', '券商ETF', '证券保险']",5
206,2017-12-07,2017-12-13,-0.007362941471855566,1.7488126643239479,"['银行ETF', '军工ETF', '券商ETF']",5
207,2017-12-14,2017-12-20,0.001257156825633876,1.7510111961016577,"['消费ETF', '银行ETF', '军工ETF']",5
208,2017-12-21,2017-12-27,-0.003311287800255691,1.7452130940898951,"['消费ETF', '医药ETF', '医药卫生']",5
209,2017-12-28,2018-01-04,0.03862162503099653,1.8126160598090204,"['消费ETF', '有色金属', '医药ETF']",5
210,2018-01-05,2018-01-11,0.01078149795602501,1.8321587761529095,"['消费ETF', '有色金属', '环保ETF']",5
211,2018-01-12,2018-01-18,-0.012612755375945306,1.8090502056994016,"['消费ETF', '有色金属', '医药ETF']",5
212,2018-01-19,2018-01-25,0.03828072517576531,1.878301959452942,"['银行ETF', '证券保险', '券商ETF']",5
213,2018-01-26,2018-02-01,-0.03892856266266742,1.8051823639249671,"['银行ETF', '券商ETF', '证券保险']",5
214,2018-02-02,2018-02-08,-0.0575591949304205,1.7012775203548527,"['银行ETF', '证券保险', '券商ETF']",5
215,2018-02-09,2018-02-22,0.007763825353864329,1.7144859419013432,"['银行ETF', '可选消费', '医药卫生']",5
216,2018-02-23,2018-03-01,-0.01338561062523247,1.691536500660617,"['有色金属', '消费ETF', '银行ETF']",5
217,2018-03-02,2018-03-08,-0.001080912899609321,1.6897080970368927,"['军工ETF', '传媒ETF', '有色金属']",5
218,2018-03-09,2018-03-15,0.010025981350973545,1.7066490789063735,"['医药ETF', '医药卫生', '军工ETF']",5
219,2018-03-16,2018-03-22,0.00034341224974943074,1.7072351631060936,"['医药ETF', '有色金属', '环保ETF']",5
220,2018-03-23,2018-03-29,-0.00045906045668853146,1.7064514389524434,"['医药ETF', '医药卫生', '军工ETF']",5
221,2018-03-30,2018-04-09,0.026413112951682693,1.7515241335560559,"['军工ETF', '医药ETF', '医药卫生']",5
222,2018-04-10,2018-04-16,-0.013898358182741322,1.7271808237821782,"['军工ETF', '医药ETF', '医药卫生']",5
223,2018-04-17,2018-04-23,-0.017277721973530058,1.6973390737108571,"['军工ETF', '医药ETF', '医药卫生']",5
224,2018-04-24,2018-05-02,-0.0023103616194606325,1.6934176066597446,"['军工ETF', '消费ETF', '证券保险']",5
225,2018-05-03,2018-05-09,0.02508297447900687,1.735893557269892,"['医药ETF', '证券保险', '券商ETF']",5
226,2018-05-10,2018-05-16,0.03863220173335047,1.8029549473619657,"['医药ETF', '医药卫生', '消费ETF']",5
227,2018-05-17,2018-05-23,0.003255774842605863,1.8088249627219386,"['医药ETF', '消费ETF', '医药卫生']",5
228,2018-05-24,2018-05-30,-0.034238710977181785,1.7468931276149906,"['医药ETF', '医药卫生', '传媒ETF']",5
229,2018-05-31,2018-06-06,0.04107977448313971,1.818655103343561,"['消费ETF', '医药ETF', '医药卫生']",5
230,2018-06-07,2018-06-13,-0.032869957592316146,1.7588759872216089,"['消费ETF', '医药ETF', '医药卫生']",5
231,2018-06-14,2018-06-21,-0.03197288964151379,1.7026396393890637,"['消费ETF', '医药ETF', '医药卫生']",5
232,2018-06-22,2018-06-28,-0.048979384433171846,1.6192453979402697,"['消费ETF', '医药ETF', '医药卫生']",5
233,2018-06-29,2018-07-05,-0.0015277380746999691,1.6167716150935536,"['医药ETF', '军工ETF', '医药卫生']",5
234,2018-07-06,2018-07-12,0.04501246227873312,1.6895464864312786,"['军工ETF', '银行ETF', '医药卫生']",5
235,2018-07-13,2018-07-19,-0.015872770959619475,1.6627287020265251,"['医药ETF', '医药卫生', '军工ETF']",5
236,2018-07-20,2018-07-26,0.04448229187432662,1.7366906854578892,"['军工ETF', '传媒ETF', '证券保险']",5
237,2018-07-27,2018-08-02,-0.052451484250048086,1.6455986813223895,"['军工ETF', '银行ETF', '环保ETF']",5
238,2018-08-03,2018-08-09,-0.0015582228691345401,1.6430344718237353,"['银行ETF', '环保ETF', '有色金属']",5
239,2018-08-10,2018-08-16,-0.02533304066961517,1.601411412727445,"['银行ETF', '证券保险', '券商ETF']",5
240,2018-08-17,2018-08-23,0.015222607595335669,1.625789070262087,"['银行ETF', '券商ETF', '军工ETF']",5
241,2018-08-24,2018-08-30,0.0014429613910289518,1.628135021120432,"['银行ETF', '证券保险', '券商ETF']",5
242,2018-08-31,2018-09-06,0.010673421732791954,1.6455127928387785,"['军工ETF', '银行ETF', '证券保险']",5
243,2018-09-07,2018-09-13,0.003316495924803986,1.650970129310441,"['军工ETF', '银行ETF', '券商ETF']",5
244,2018-09-14,2018-09-20,0.0015942279009069082,1.6536021519541517,"['军工ETF', '银行ETF', '券商ETF']",5
245,2018-09-21,2018-09-28,0.04090001036919455,1.721234497115599,"['银行ETF', '消费ETF', '军工ETF']",5
246,2018-10-08,2018-10-12,-0.07961749411313135,1.5841941196741793,"['消费ETF', '银行ETF', '军工ETF']",5
247,2018-10-15,2018-10-19,-0.022345735254300503,1.5487941372845204,"['消费ETF', '银行ETF', '医药ETF']",5
248,2018-10-22,2018-10-26,0.033527187887439025,1.6007208493242226,"['银行ETF', '消费ETF', '证券保险']",5
249,2018-10-29,2018-11-02,0.049848837725615436,1.680514923186195,"['券商ETF', '证券保险', '银行ETF']",5
250,2018-11-05,2018-11-09,-0.03592722041078622,1.6201386931372692,"['券商ETF', '证券保险', '传媒ETF']",5
251,2018-11-12,2018-11-16,0.07893293002993618,1.7480209872414656,"['券商ETF', '证券保险', '环保ETF']",5
252,2018-11-19,2018-11-23,-0.05586397653284769,1.650369583831283,"['证券保险', '券商ETF', '环保ETF']",5
253,2018-11-26,2018-11-30,0.009390110747505176,1.6658667369977729,"['医药ETF', '医药卫生', '环保ETF']",5
254,2018-12-03,2018-12-07,-0.012384763850441627,1.6452353708537497,"['消费ETF', '医药ETF', '医药卫生']",5
255,2018-12-10,2018-12-14,-0.0019515816480496495,1.6420245596972693,"['消费ETF', '传媒ETF', '环保ETF']",5
256,2018-12-17,2018-12-21,-0.03111746456782505,1.590928918641391,"['消费ETF', '环保ETF', '可选消费']",5
257,2018-12-24,2018-12-28,-0.011950513064382107,1.571916501814664,"['消费ETF', '传媒ETF', '环保ETF']",5
258,2019-01-02,2019-01-08,0.05733963598551295,1.6620496218283376,"['消费ETF', '证券保险', '券商ETF']",5
259,2019-01-09,2019-01-15,0.015090309468283936,1.6871304649733716,"['证券保险', '券商ETF', '军工ETF']",5
260,2019-01-16,2019-01-22,-0.01425959053836634,1.6630726753580478,"['消费ETF', '券商ETF', '证券保险']",5
261,2019-01-23,2019-01-29,0.01619782917416135,1.690010842457713,"['消费ETF', '银行ETF', '证券保险']",5
262,2019-01-30,2019-02-12,0.040957511556934945,1.75922948106902,"['银行ETF', '消费ETF', '证券保险']",5
263,2019-02-13,2019-02-19,0.03837467275705664,1.8267393367096103,"['消费ETF', '医药ETF', '医药卫生']",5
264,2019-02-20,2019-02-26,0.1377504283838784,2.078373462887041,"['消费ETF', '证券保险', '券商ETF']",5
265,2019-02-27,2019-03-05,0.018092850441878694,2.115977163113426,"['券商ETF', '证券保险', '传媒ETF']",5
266,2019-03-06,2019-03-12,0.045488076204707184,2.2122288935565497,"['传媒ETF', '证券保险', '券商ETF']",5
267,2019-03-13,2019-03-19,-0.025090580416665675,2.156722786602698,"['传媒ETF', '军工ETF', '环保ETF']",5
268,2019-03-20,2019-03-26,-0.04374130063782378,2.0623849268014642,"['传媒ETF', '消费ETF', '证券保险']",5
269,2019-03-27,2019-04-02,0.08319531096313648,2.2339656821123977,"['医药ETF', '消费ETF', '环保ETF']",5
270,2019-04-03,2019-04-10,0.02027487182095533,2.2792590499696397,"['消费ETF', '医药卫生', '军工ETF']",5
271,2019-04-11,2019-04-17,-0.020658178734354826,2.232173709133471,"['消费ETF', '可选消费', '医药ETF']",5
272,2019-04-18,2019-04-24,-0.008321211106332993,2.213599320473765,"['消费ETF', '可选消费', '银行ETF']",5
273,2019-04-25,2019-05-06,-0.06712663901687577,2.065007837960321,"['消费ETF', '银行ETF', '可选消费']",5
274,2019-05-07,2019-05-13,0.0002408708567465112,2.065505238167439,"['消费ETF', '银行ETF', '医药ETF']",5
275,2019-05-14,2019-05-20,0.012171336026554291,2.090645196485783,"['消费ETF', '军工ETF', '银行ETF']",5
276,2019-05-21,2019-05-27,-0.007335211112299955,2.075309872608644,"['消费ETF', '有色金属', '医药ETF']",5
277,2019-05-28,2019-06-03,-0.003863047282841925,2.067292852444208,"['消费ETF', '军工ETF', '银行ETF']",5
278,2019-06-04,2019-06-11,0.018813033250618894,2.1061849016160075,"['有色金属', '消费ETF', '军工ETF']",5
279,2019-06-12,2019-06-18,-0.010717527933071458,2.0836118061007247,"['有色金属', '银行ETF', '消费ETF']",5
280,2019-06-19,2019-06-25,0.06633343384254631,2.2218249319942553,"['银行ETF', '证券保险', '券商ETF']",5
281,2019-06-26,2019-07-02,-0.0011992111465908284,2.2191604947700343,"['券商ETF', '证券保险', '有色金属']",5
282,2019-07-03,2019-07-09,-0.025909192134366155,2.1616638391340426,"['消费ETF', '医药ETF', '军工ETF']",5
283,2019-07-10,2019-07-16,0.005913184741343169,2.174446156763523,"['医药ETF', '医药卫生', '消费ETF']",5
284,2019-07-17,2019-07-23,-0.008711507270289576,2.1555034532600246,"['军工ETF', '半导体', '券商ETF']",5
285,2019-07-24,2019-07-30,0.03320408390097285,2.227074970770907,"['半导体', '银行ETF', '军工ETF']",5
286,2019-07-31,2019-08-06,-0.0520115122729804,2.1112414335958087,"['半导体', '军工ETF', '银行ETF']",5
287,2019-08-07,2019-08-13,0.025156314463451457,2.164352487007613,"['有色金属', '半导体', '银行ETF']",5
288,2019-08-14,2019-08-20,0.053399619705831514,2.27992808672319,"['半导体', '医药ETF', '医药卫生']",5
289,2019-08-21,2019-08-27,0.022073112791154204,2.3302531965371514,"['半导体', '传媒ETF', '医药卫生']",5
290,2019-08-28,2019-09-03,0.0062177111231258575,2.34474203775696,"['医药ETF', '医药卫生', '消费ETF']",5
291,2019-09-04,2019-09-10,0.03689795836972287,2.4312582318538554,"['半导体', '军工ETF', '传媒ETF']",5
292,2019-09-11,2019-09-18,-0.025559683551833245,2.3691160408148813,"['半导体', '传媒ETF', '券商ETF']",5
293,2019-09-19,2019-09-25,0.008856462215562466,2.3900980275146413,"['半导体', '科技ETF', '可选消费']",5
294,2019-09-26,2019-10-09,-0.025565017463674233,2.3289951297013363,"['半导体', '银行ETF', '科技ETF']",5
295,2019-10-10,2019-10-16,0.045323031770938105,2.43455224995915,"['银行ETF', '医药ETF', '医药卫生']",5
296,2019-10-17,2019-10-23,-0.013479732918579068,2.4017351358533747,"['银行ETF', '医药ETF', '医药卫生']",5
297,2019-10-24,2019-10-30,0.014307087068156532,2.43609696955668,"['银行ETF', '医药ETF', '医药卫生']",5
298,2019-10-31,2019-11-06,0.021801385382361094,2.489207258418787,"['医药ETF', '消费ETF', '医药卫生']",5
299,2019-11-07,2019-11-13,-0.008794782917950661,2.467315220943207,"['银行ETF', '医药卫生', '医药ETF']",5
300,2019-11-14,2019-11-20,0.02729063161601064,2.534649811718544,"['半导体', '医药ETF', '科技ETF']",5
301,2019-11-21,2019-11-27,-0.03531226603034343,2.4451455832733786,"['半导体', '医药ETF', '科技ETF']",5
302,2019-11-28,2019-12-04,0.025009136504430485,2.506296562938668,"['有色金属', '半导体', '环保ETF']",5
303,2019-12-05,2019-12-11,0.029250666291910754,2.5796074073297497,"['半导体', '有色金属', '环保ETF']",5
304,2019-12-12,2019-12-18,0.0439948226886786,2.693096777821624,"['半导体', '通信ETF', '有色金属']",5
305,2019-12-19,2019-12-25,-0.009142896929437594,2.6684740715610005,"['传媒ETF', '券商ETF', '证券保险']",5
306,2019-12-26,2020-01-02,0.043240571968275354,2.7838604166978107,"['半导体', '有色金属', '券商ETF']",5
307,2020-01-03,2020-01-09,0.018915394078568903,2.836518233539379,"['有色金属', '传媒ETF', '券商ETF']",5
308,2020-01-10,2020-01-16,9.733968042624497e-05,2.8367943393177546,"['传媒ETF', '可选消费', '环保ETF']",5
309,2020-01-17,2020-01-23,0.023500353252678075,2.9034600083969195,"['半导体', '科技ETF', '有色金属']",5
310,2020-02-03,2020-02-07,0.022815307262467055,2.9697033406127806,"['半导体', '科技ETF', '医药卫生']",5
311,2020-02-10,2020-02-14,0.026595887252945483,3.0486852358344136,"['半导体', '传媒ETF', '科技ETF']",5
312,2020-02-17,2020-02-21,0.12382527658337006,3.4261895283772468,"['半导体', '科技ETF', '军工ETF']",5
313,2020-02-24,2020-02-28,-0.06450633322193877,3.2051786049782267,"['半导体', '通信ETF', '科技ETF']",5
314,2020-03-02,2020-03-06,0.06354780792686765,3.4088606793386886,"['通信ETF', '消费ETF', '军工ETF']",5
315,2020-03-09,2020-03-13,-0.022222469866341132,3.3331073756135297,"['证券保险', '券商ETF', '通信ETF']",5
316,2020-03-16,2020-03-20,-0.06013427830415663,3.1326733690707487,"['通信ETF', '可选消费', '芯片ETF']",5
317,2020-03-23,2020-03-27,0.05119525366122235,3.293051376838082,"['医药卫生', '医药ETF', '消费ETF']",5
318,2020-03-30,2020-04-03,0.018887984407820024,3.3552504798979497,"['医药ETF', '消费ETF', '医药卫生']",5
319,2020-04-07,2020-04-13,0.035828646811067566,3.475464564304878,"['消费ETF', '医药ETF', '医药卫生']",5
320,2020-04-14,2020-04-20,0.019418924172813767,3.542954347144416,"['医药卫生', '医药ETF', '消费ETF']",5
321,2020-04-21,2020-04-27,0.016874482544219527,3.602739868430271,"['医药卫生', '医药ETF', '消费ETF']",5
322,2020-04-28,2020-05-07,0.007947805916807438,3.631373745673299,"['消费ETF', '医药ETF', '医药卫生']",5
323,2020-05-08,2020-05-14,0.011139376252098598,3.6718249841383463,"['芯片ETF', '半导体', '5GETF']",5
324,2020-05-15,2020-05-21,-0.016883601103672152,3.609831355783657,"['芯片ETF', '半导体', '电子ETF']",5
325,2020-05-22,2020-05-28,-0.03485684135551703,3.484004036894935,"['半导体', '芯片ETF', '消费ETF']",5
326,2020-05-29,2020-06-04,0.04340682156188436,3.6352335784453182,"['可选消费', '有色金属', '传媒ETF']",5
327,2020-06-05,2020-06-11,0.008533551815894214,3.6662550325498597,"['可选消费', '香港证券', '电子ETF']",5
328,2020-06-12,2020-06-18,0.03854369721398765,3.80756605643372,"['医药ETF', '医药卫生', '可选消费']",5
329,2020-06-19,2020-06-29,0.0357844558654814,3.9438177359350775,"['医药ETF', '医药卫生', '5GETF']",5
330,2020-06-30,2020-07-06,0.07796152689867353,4.251283788438646,"['科技ETF', '5GETF', '医药卫生']",5
331,2020-07-07,2020-07-13,0.002804332812428978,4.263205803061512,"['证券保险', '券商ETF', '香港证券']",5
332,2020-07-14,2020-07-20,-0.08041468444560995,3.920381453681627,"['券商ETF', '证券保险', '芯片ETF']",5
333,2020-07-21,2020-07-27,-0.057353750134547465,3.695532875355057,"['军工ETF', '证券保险', '券商ETF']",5
334,2020-07-28,2020-08-03,0.0635178925983817,3.930265335625648,"['军工ETF', '有色金属', '消费ETF']",5
335,2020-08-04,2020-08-10,-0.009018308567195543,3.8948209900780237,"['军工ETF', '医药ETF', '医药卫生']",5
336,2020-08-11,2020-08-17,0.010709499834751446,3.936532574827651,"['军工ETF', '可选消费', '环保ETF']",5
337,2020-08-18,2020-08-24,-0.009114855982479853,3.900651647337756,"['军工ETF', '消费ETF', '煤炭ETF']",5
338,2020-08-25,2020-08-31,0.020635523483920393,3.981143636008987,"['消费ETF', '可选消费', '传媒ETF']",5
339,2020-09-01,2020-09-07,-0.035185129516990155,3.84106658155027,"['消费ETF', '军工ETF', '可选消费']",5
340,2020-09-08,2020-09-14,-0.0029482626004717627,3.8297421086019634,"['煤炭ETF', '钢铁ETF', '传媒ETF']",5
341,2020-09-15,2020-09-21,0.0028884636861805646,3.840804179610097,"['环保ETF', '消费ETF', '可选消费']",5
342,2020-09-22,2020-09-28,-0.02589497479074554,3.7413466522029033,"['煤炭ETF', '环保ETF', '券商ETF']",5
343,2020-09-29,2020-10-13,0.053168130863599616,3.9402670606133174,"['环保ETF', '煤炭ETF', '券商ETF']",5
344,2020-10-14,2020-10-20,-0.023491277916412034,3.847705152027566,"['环保ETF', '军工ETF', '医药ETF']",5
345,2020-10-21,2020-10-27,-0.012067195597780467,3.801274141355462,"['银行ETF', '可选消费', '医药ETF']",5
346,2020-10-28,2020-11-03,0.020400870213948208,3.878823441760892,"['环保ETF', '医药ETF', '消费ETF']",5
347,2020-11-04,2020-11-10,0.0592331952072378,4.108578547861125,"['可选消费', '有色金属', '半导体']",5
348,2020-11-11,2020-11-17,0.03310923402753341,4.244610436522763,"['钢铁ETF', '有色金属', '煤炭ETF']",5
349,2020-11-18,2020-11-24,0.06571217381417971,4.523533015301028,"['有色金属', '钢铁ETF', '煤炭ETF']",5
350,2020-11-25,2020-12-01,-0.003513959541269429,4.507637503301663,"['有色金属', '煤炭ETF', '半导体']",5
351,2020-12-02,2020-12-08,-0.03100678883032415,4.367870139113139,"['煤炭ETF', '有色金属', '证券保险']",5
352,2020-12-09,2020-12-15,-0.03169579648968124,4.229427016090453,"['有色金属', '军工ETF', '煤炭ETF']",5
353,2020-12-16,2020-12-22,0.040136086781568325,4.399179665844569,"['医药ETF', '消费ETF', '环保ETF']",5
354,2020-12-23,2020-12-29,0.021835137611252886,4.4952363592249105,"['环保ETF', '医药ETF', '军工ETF']",5
355,2020-12-30,2021-01-06,0.12583090285138598,5.0608760088365585,"['医药ETF', '消费ETF', '军工ETF']",5
356,2021-01-07,2021-01-13,-0.023508817390149872,4.94190079891063,"['军工ETF', '环保ETF', '消费ETF']",5
357,2021-01-14,2021-01-20,0.003721925537687021,4.960294185698811,"['芯片ETF', '电子ETF', '科技ETF']",5
358,2021-01-21,2021-01-27,-0.04357854703123365,4.744131772238581,"['香港证券', '芯片ETF', '科技ETF']",5
359,2021-01-28,2021-02-03,-0.03811490110042681,4.563309658932315,"['光伏ETF', '环保ETF', '银行ETF']",5
360,2021-02-04,2021-02-10,0.06816258638299555,4.874356647751647,"['银行ETF', '医药ETF', '医药卫生']",5
361,2021-02-18,2021-02-24,-0.029804581822865495,4.729078486209905,"['有色金属', '银行ETF', '医药ETF']",5
362,2021-02-25,2021-03-03,0.03476425310263154,4.893481367646715,"['钢铁ETF', '有色金属', '银行ETF']",5
363,2021-03-04,2021-03-10,-0.04639999152764651,4.6664238736472115,"['钢铁ETF', '煤炭ETF', '银行ETF']",5
364,2021-03-11,2021-03-17,0.036986506020772136,4.839018588345339,"['钢铁ETF', '煤炭ETF', '有色金属']",5
365,2021-03-18,2021-03-24,-0.05819067092391872,4.55743285007621,"['钢铁ETF', '煤炭ETF', '银行ETF']",5
366,2021-03-25,2021-03-31,0.033766055503461345,4.711319380645181,"['钢铁ETF', '煤炭ETF', '可选消费']",5
367,2021-04-01,2021-04-08,0.024599636894331756,4.82721612670228,"['香港证券', '新能源车', '食品饮料']",5
368,2021-04-09,2021-04-15,-0.011468577524307078,4.771854824326609,"['半导体', '钢铁ETF', '芯片ETF']",5
369,2021-04-16,2021-04-22,0.026050637617720973,4.896164685119515,"['钢铁ETF', '软件ETF', '煤炭ETF']",5
370,2021-04-23,2021-04-29,0.027261566325437414,5.029641803423164,"['新能源', '钢铁ETF', '医药ETF']",5
371,2021-04-30,2021-05-11,-0.030687694082253136,4.875293694416402,"['医药卫生', '医药ETF', '半导体']",5
372,2021-05-12,2021-05-18,-0.028445629086225388,4.7366128982986195,"['煤炭ETF', '钢铁ETF', '有色金属']",5
373,2021-05-19,2021-05-25,0.014486933996107787,4.805231896721384,"['医药ETF', '医药卫生', '新能源']",5
374,2021-05-26,2021-06-01,0.003328326500673384,4.821225277385123,"['新能源车', '食品饮料', '券商ETF']",5
375,2021-06-02,2021-06-08,-0.015449318218072494,4.746740633873785,"['新能源', '化工ETF', '军工ETF']",5
376,2021-06-09,2021-06-16,-0.018753499355828374,4.657722636454149,"['半导体', '芯片ETF', '军工ETF']",5
377,2021-06-17,2021-06-23,0.10712078665346114,5.15666154928475,"['半导体', '芯片ETF', '软件ETF']",5
378,2021-06-24,2021-06-30,0.07167390508548643,5.526259619726162,"['半导体', '光伏ETF', '芯片ETF']",5
379,2021-07-01,2021-07-07,0.014067460380178476,5.60400005797724,"['半导体', '芯片ETF', '环保ETF']",5
380,2021-07-08,2021-07-14,-0.004868949489607699,5.57671446475519,"['新能源', '半导体', '芯片ETF']",5
381,2021-07-15,2021-07-21,0.07263101046246123,5.981756871390983,"['新能源', '有色金属', '光伏ETF']",5
382,2021-07-22,2021-07-28,-0.052159287982688096,5.669752692093677,"['有色金属', '光伏ETF', '新能源']",5
383,2021-07-29,2021-08-04,0.05080163993928388,5.9577854269022055,"['有色金属', '芯片ETF', '半导体']",5
384,2021-08-05,2021-08-11,0.02183800846659989,6.087891595497081,"['光伏ETF', '军工ETF', '新能源']",5
385,2021-08-12,2021-08-18,-0.010745976778350874,6.022471253782752,"['煤炭ETF', '军工ETF', '钢铁ETF']",5
386,2021-08-19,2021-08-25,0.00755915618787073,6.0679960546270575,"['军工ETF', '券商ETF', '证券保险']",5
387,2021-08-26,2021-09-01,0.06251567173759764,6.44734090408316,"['煤炭ETF', '钢铁ETF', '光伏ETF']",5
388,2021-09-02,2021-09-08,0.05897123402351645,6.827548553367238,"['煤炭ETF', '钢铁ETF', '光伏ETF']",5
389,2021-09-09,2021-09-15,0.004330294740684915,6.857113850959656,"['煤炭ETF', '钢铁ETF', '游戏ETF']",5
390,2021-09-16,2021-09-24,-0.060370188810994097,6.443148593078738,"['煤炭ETF', '化工ETF', '游戏ETF']",5
391,2021-09-27,2021-10-08,0.07564923827204195,6.930567876218723,"['消费ETF', '食品饮料', '新能源车']",5
392,2021-10-11,2021-10-15,0.014176950605042649,7.028822194664771,"['消费ETF', '新能源车', '食品饮料']",5
393,2021-10-18,2021-10-22,0.012675729239800093,7.117917641679039,"['环保ETF', '新能源', '光伏ETF']",5
394,2021-10-25,2021-10-29,-0.016729629319587103,6.9988375180063995,"['消费ETF', '恒生科技', '新能源车']",5
395,2021-11-01,2021-11-05,-0.017155654735455328,6.87876787799793,"['智能汽车', '光伏ETF', '新能源']",5
396,2021-11-08,2021-11-12,0.030050092356436187,7.085475488030254,"['电池ETF', '智能汽车', '游戏ETF']",5
397,2021-11-15,2021-11-19,0.0031336462119320174,7.107678861453057,"['游戏ETF', '军工ETF', '传媒ETF']",5
398,2021-11-22,2021-11-26,0.0011782530058677132,7.116053505436307,"['智能汽车', '通信ETF', '5GETF']",5
399,2021-11-29,2021-12-03,0.020794274011454394,7.26402667190852,"['有色金属', '军工ETF', '智能汽车']",5
400,2021-12-06,2021-12-10,-0.018201607869034242,7.131809706876235,"['军工ETF', '煤炭ETF', '钢铁ETF']",5
401,2021-12-13,2021-12-17,-0.0358661910282273,6.876018857552447,"['食品饮料', '食品ETF', '新能源车']",5
402,2021-12-20,2021-12-24,-0.002544600432715538,6.858522136992159,"['煤炭ETF', '钢铁ETF', '地产ETF']",5
403,2021-12-27,2021-12-31,-0.002449712239205537,6.841720731370307,"['煤炭ETF', '传媒ETF', '地产ETF']",5
404,2022-01-04,2022-01-10,0.025097871643136482,7.0134333601044245,"['传媒ETF', '游戏ETF', '地产ETF']",5
405,2022-01-11,2022-01-17,-0.03084417726419808,6.797109778314724,"['地产ETF', '银行ETF', '钢铁ETF']",5
406,2022-01-18,2022-01-24,0.004719291374830625,6.8291873198653015,"['软件ETF', '智能汽车', '地产ETF']",5
407,2022-01-25,2022-02-07,-0.019544813479964063,6.6957121274787985,"['银行ETF', '香港证券', '地产ETF']",5
408,2022-02-08,2022-02-14,0.02942654216963958,6.89274378275382,"['银行ETF', '煤炭ETF', '钢铁ETF']",5
409,2022-02-15,2022-02-21,0.03977499837154963,7.166902655488363,"['有色金属', '煤炭ETF', '消费ETF']",5
410,2022-02-22,2022-02-28,0.0032998606637404393,7.190552435642066,"['煤炭ETF', '有色金属', '钢铁ETF']",5
411,2022-03-01,2022-03-07,0.0005166086122851965,7.194267136957407,"['煤炭ETF', '有色金属', '光伏ETF']",5
412,2022-03-08,2022-03-14,-0.060970295287352094,6.755630545241021,"['煤炭ETF', '光伏ETF', '有色金属']",5
413,2022-03-15,2022-03-21,0.024604020700830453,6.921846219023294,"['光伏ETF', '新能源', '环保ETF']",5
414,2022-03-22,2022-03-28,0.03506044669986852,7.164529239450046,"['煤炭ETF', '地产ETF', '医药卫生']",5
415,2022-03-29,2022-04-06,0.042082351301445886,7.466029475814064,"['煤炭ETF', '地产ETF', '医药卫生']",5
416,2022-04-07,2022-04-13,-0.06377207192499457,6.98990530708832,"['地产ETF', '游戏ETF', '银行ETF']",5
417,2022-04-14,2022-04-20,-0.03366201214466091,6.754611029751084,"['煤炭ETF', '地产ETF', '恒生科技']",5
418,2022-04-21,2022-04-27,-0.024711127012607137,6.587696978674148,"['新能源车', '食品饮料', '食品ETF']",5
419,2022-04-28,2022-05-09,-0.022187873908553146,6.44152998876357,"['食品饮料', '食品ETF', '新能源车']",5
420,2022-05-10,2022-05-16,0.0279338411847454,6.621466664456466,"['军工ETF', '电力ETF', '可选消费']",5
421,2022-05-17,2022-05-23,0.0515456876690179,6.962774717053352,"['电池ETF', '智能汽车', '恒生科技']",5
422,2022-05-24,2022-05-30,-0.022319332273324832,6.807370234599134,"['光伏ETF', '新能源', '电池ETF']",5
423,2022-05-31,2022-06-07,0.06957374893777168,7.280984502227594,"['光伏ETF', '恒生科技', '军工ETF']",5
424,2022-06-08,2022-06-14,0.05144748475559502,7.655572841411671,"['电池ETF', '煤炭ETF', '新能源']",5
425,2022-06-15,2022-06-21,-0.0024256159453283077,7.63700336185692,"['证券保险', '券商ETF', '电池ETF']",5
426,2022-06-22,2022-06-28,0.07177560430425789,8.18515389322785,"['电池ETF', '新能源', '环保ETF']",5
427,2022-06-29,2022-07-05,-0.026046179331093766,7.971961907072237,"['电池ETF', '智能汽车', '新能源']",5
428,2022-07-06,2022-07-12,-0.05302027313231472,7.549286309358859,"['新能源', '光伏ETF', '医药ETF']",5
429,2022-07-13,2022-07-19,0.00991652041889668,7.624148961193713,"['电力ETF', '光伏ETF', '环保ETF']",5
430,2022-07-20,2022-07-26,-0.009412842433680457,7.5523840483310885,"['军工ETF', '通信ETF', '智能汽车']",5
431,2022-07-27,2022-08-02,0.020138382806843103,7.704476849400676,"['光伏ETF', '军工ETF', '智能汽车']",5
432,2022-08-03,2022-08-09,0.03570332651047159,7.979552301947197,"['智能汽车', '军工ETF', '5GETF']",5
433,2022-08-10,2022-08-16,-0.020402163527425854,7.816752171007223,"['半导体', '电子ETF', '通信ETF']",5
434,2022-08-17,2022-08-23,-0.006734572150984164,7.764109689525212,"['电子ETF', '半导体', '光伏ETF']",5
435,2022-08-24,2022-08-30,-0.036338334937664474,7.481974871134479,"['煤炭ETF', '电力ETF', '光伏ETF']",5
436,2022-08-31,2022-09-06,0.03806812745316268,7.766799644130187,"['煤炭ETF', '地产ETF', '证券保险']",5
437,2022-09-07,2022-09-14,-0.013553298728994467,7.661533888385043,"['煤炭ETF', '地产ETF', '电力ETF']",5
438,2022-09-15,2022-09-21,-0.01568876148549614,7.541333910597125,"['地产ETF', '煤炭ETF', '银行ETF']",5
439,2022-09-22,2022-09-28,-0.029489679099880317,7.31894239358857,"['煤炭ETF', '军工ETF', '银行ETF']",5
440,2022-09-29,2022-10-12,-0.059565789431827554,6.882983812108397,"['食品饮料', '食品ETF', '新能源车']",5
441,2022-10-13,2022-10-19,0.03528999220758955,7.125884257202667,"['软件ETF', '计算机ETF', '电力ETF']",5
442,2022-10-20,2022-10-26,0.011548629218564255,7.208178452343505,"['医药卫生', '医药ETF', '计算机ETF']",5
443,2022-10-27,2022-11-02,0.04086717010448493,7.50275630729891,"['软件ETF', '计算机ETF', '医药卫生']",5
444,2022-11-03,2022-11-09,-0.008223362047077853,7.441058425832994,"['软件ETF', '计算机ETF', '半导体']",5
445,2022-11-10,2022-11-16,0.045355160196410615,7.7785488227675,"['游戏ETF', '软件ETF', '传媒ETF']",5
446,2022-11-17,2022-11-23,-0.0180723521245838,7.637972149424179,"['恒生科技', '互联网', '游戏ETF']",5
447,2022-11-24,2022-11-30,0.06820257080919845,8.158901485783968,"['恒生科技', '香港证券', '地产ETF']",5
448,2022-12-01,2022-12-07,0.01881214380545293,8.31238791382906,"['地产ETF', '恒生科技', '香港证券']",5
449,2022-12-08,2022-12-14,0.029376179924038848,8.556574116784109,"['恒生科技', '互联网', '新能源车']",5
450,2022-12-15,2022-12-21,-0.04149703470217836,8.201501663728157,"['食品饮料', '新能源车', '食品ETF']",5
451,2022-12-22,2022-12-28,0.03331862629629234,8.474764432730336,"['恒生科技', '食品饮料', '食品ETF']",5
452,2022-12-29,2023-01-05,0.02328597724098236,8.672107604433581,"['新能源车', '食品饮料', '食品ETF']",5
453,2023-01-06,2023-01-12,0.005159902984108289,8.716854838340206,"['食品饮料', '软件ETF', '食品ETF']",5
454,2023-01-13,2023-01-19,0.04335139697261092,9.094742672789716,"['医药ETF', '食品ETF', '新能源车']",5
455,2023-01-20,2023-02-02,0.025652617103735453,9.328046624231794,"['软件ETF', '计算机ETF', '光伏ETF']",5
456,2023-02-03,2023-02-09,0.04107562951281385,9.711202011446993,"['软件ETF', '游戏ETF', '计算机ETF']",5
457,2023-02-10,2023-02-16,0.015204837059778153,9.858859255685633,"['游戏ETF', '传媒ETF', '通信ETF']",5
458,2023-02-17,2023-02-23,-0.030116202782252466,9.561947851139719,"['游戏ETF', '计算机ETF', '软件ETF']",5
459,2023-02-24,2023-03-02,0.037423002274547645,9.919784647322027,"['钢铁ETF', '游戏ETF', '通信ETF']",5
460,2023-03-03,2023-03-09,-0.02338710928089227,9.68778955973219,"['游戏ETF', '通信ETF', '传媒ETF']",5
461,2023-03-10,2023-03-16,-0.0055030612968780535,9.634477059953728,"['通信ETF', '软件ETF', '计算机ETF']",5
462,2023-03-17,2023-03-23,0.10396978644255261,10.636171582362788,"['软件ETF', '计算机ETF', '传媒ETF']",5
463,2023-03-24,2023-03-30,-0.00023710625564388188,10.633649679544508,"['游戏ETF', '传媒ETF', '通信ETF']",5
464,2023-03-31,2023-04-07,0.14477509202848138,12.173137290499195,"['游戏ETF', '软件ETF', '传媒ETF']",5
465,2023-04-10,2023-04-14,-0.006805920092946782,12.090287890819587,"['游戏ETF', '半导体', '芯片ETF']",5
466,2023-04-17,2023-04-21,-0.020160733332303282,11.846538820741998,"['游戏ETF', '传媒ETF', '有色金属']",5
467,2023-04-24,2023-04-28,0.06076166989743559,12.566354301995078,"['游戏ETF', '传媒ETF', '通信ETF']",5
468,2023-05-04,2023-05-10,-0.021251788099811875,12.29929680318192,"['游戏ETF', '传媒ETF', '电力ETF']",5
469,2023-05-11,2023-05-17,-0.022756525599324062,12.019407540626625,"['电力ETF', '传媒ETF', '银行ETF']",5
470,2023-05-18,2023-05-24,-0.02993572165672298,11.65959790201171,"['电力ETF', '银行ETF', '军工ETF']",5
471,2023-05-25,2023-05-31,-0.024713538943051727,11.371447975200018,"['电力ETF', '光伏ETF', '环保ETF']",5
472,2023-06-01,2023-06-07,-0.001762794926530642,11.351402444402028,"['通信ETF', '5GETF', '智能汽车']",5
473,2023-06-08,2023-06-14,0.06334550861770771,12.070462805766965,"['恒生科技', '通信ETF', '5GETF']",5
474,2023-06-15,2023-06-21,0.029812215044576984,12.430310038620059,"['通信ETF', '5GETF', '游戏ETF']",5
475,2023-06-26,2023-06-30,-0.009657045853789348,12.310269964600288,"['通信ETF', '5GETF', '智能汽车']",5
476,2023-07-03,2023-07-07,-0.009287566957188798,12.195937508042991,"['通信ETF', '恒生科技', '可选消费']",5
477,2023-07-10,2023-07-14,0.014633483284565818,12.374406555706548,"['智能汽车', '煤炭ETF', '5GETF']",5
478,2023-07-17,2023-07-21,-0.06754040700270392,11.5386341005172,"['通信ETF', '5GETF', '智能汽车']",5
479,2023-07-24,2023-07-28,0.10709357674170383,12.77434769705538,"['券商ETF', '证券保险', '银行ETF']",5
480,2023-07-31,2023-08-04,0.03418604779593304,13.211052157988782,"['券商ETF', '证券保险', '恒生科技']",5
481,2023-08-07,2023-08-11,-0.03678825410938036,12.725040614148412,"['证券保险', '券商ETF', '香港证券']",5
482,2023-08-14,2023-08-18,-0.007661578801318902,12.62754671273313,"['券商ETF', '证券保险', '地产ETF']",5
483,2023-08-21,2023-08-25,-0.022365481339312376,12.345125552368202,"['证券保险', '券商ETF', '地产ETF']",5
484,2023-08-28,2023-09-01,0.001521229367869914,12.363905319908506,"['证券保险', '券商ETF', '煤炭ETF']",5
485,2023-09-04,2023-09-08,0.0009183592380799244,12.37525982657779,"['煤炭ETF', '新能源车', '钢铁ETF']",5
486,2023-09-11,2023-09-15,0.0053732679186859755,12.441755413189343,"['煤炭ETF', '军工ETF', '汽车ETF']",5
487,2023-09-18,2023-09-22,0.0013180750500492167,12.458154580578283,"['煤炭ETF', '汽车ETF', '医药卫生']",5
488,2023-09-25,2023-10-09,0.011920610730800307,12.606663391757493,"['煤炭ETF', '通信ETF', '医药卫生']",5
489,2023-10-10,2023-10-16,0.013272439795792401,12.773984572650415,"['汽车ETF', '智能汽车', '通信ETF']",5
490,2023-10-17,2023-10-23,-0.03657517330824145,12.306773873068924,"['汽车ETF', '医药卫生', '医药ETF']",5
491,2023-10-24,2023-10-30,0.03685675740314465,12.760361652123983,"['汽车ETF', '证券保险', '券商ETF']",5
492,2023-10-31,2023-11-06,0.024357134925443003,13.071167502582215,"['汽车ETF', '半导体', '芯片ETF']",5
493,2023-11-07,2023-11-13,-0.013889432703427684,12.889616401199868,"['汽车ETF', '半导体', '游戏ETF']",5
494,2023-11-14,2023-11-20,0.002545096407686298,12.922421717599017,"['游戏ETF', '半导体', '传媒ETF']",5
495,2023-11-21,2023-11-27,-0.03628787453658411,12.453494499601954,"['传媒ETF', '游戏ETF', '医药卫生']",5
496,2023-11-28,2023-12-04,0.008239062806286723,12.55609962294192,"['煤炭ETF', '汽车ETF', '传媒ETF']",5
497,2023-12-05,2023-12-11,0.02643743007393251,12.888050628724777,"['煤炭ETF', '游戏ETF', '传媒ETF']",5
498,2023-12-12,2023-12-18,-0.029187639676512278,12.51187885084091,"['游戏ETF', '传媒ETF', '煤炭ETF']",5
499,2023-12-19,2023-12-25,-0.0719085623487633,11.612167630395044,"['游戏ETF', '煤炭ETF', '传媒ETF']",5
500,2023-12-26,2024-01-02,0.023395348081743927,11.883838334091696,"['煤炭ETF', '电力ETF', '有色金属']",5
501,2024-01-03,2024-01-09,0.0036628709689912053,11.927367300525825,"['电力ETF', '光伏ETF', '煤炭ETF']",5
502,2024-01-10,2024-01-16,0.0036549315521670067,11.970961011606802,"['煤炭ETF', '光伏ETF', '电力ETF']",5
503,2024-01-17,2024-01-23,-0.024314825090814618,11.67988918844062,"['银行ETF', '光伏ETF', '新能源']",5
504,2024-01-24,2024-01-30,0.030085430639291477,12.031283684494062,"['银行ETF', '证券保险', '券商ETF']",5
505,2024-01-31,2024-02-06,-0.0007277055916751207,12.022528452081826,"['银行ETF', '煤炭ETF', '电力ETF']",5
506,2024-02-07,2024-02-21,0.04751557218254887,12.593785770563468,"['银行ETF', '消费ETF', '食品饮料']",5
507,2024-02-22,2024-02-28,0.006790458350758755,12.679303348316857,"['通信ETF', '煤炭ETF', '银行ETF']",5
508,2024-02-29,2024-03-06,0.0843834927445799,13.74922725041588,"['汽车ETF', '通信ETF', '计算机ETF']",5
509,2024-03-07,2024-03-13,0.023301621742973788,14.069606543063259,"['通信ETF', '5GETF', '有色金属']",5
510,2024-03-14,2024-03-20,0.03410327775292199,14.549426242875674,"['通信ETF', '5GETF', '汽车ETF']",5
511,2024-03-21,2024-03-27,-0.07651462298999101,13.43618237918136,"['汽车ETF', '传媒ETF', '5GETF']",5
512,2024-03-28,2024-04-03,0.05194680716166533,14.13414915422166,"['有色金属', '电力ETF', '汽车ETF']",5
513,2024-04-08,2024-04-12,-0.0021286848674190173,14.104062004803225,"['有色金属', '电池ETF', '汽车ETF']",5
514,2024-04-15,2024-04-19,0.0004042584802872451,14.109763691475164,"['有色金属', '电力ETF', '煤炭ETF']",5
515,2024-04-22,2024-04-26,-0.018734655523139687,13.845422129202474,"['银行ETF', '化工ETF', '钢铁ETF']",5
516,2024-04-29,2024-05-08,0.02768613578003798,14.228748366203517,"['恒生科技', '化工ETF', '通信ETF']",5
517,2024-05-09,2024-05-15,0.01855659307769697,14.492785459640102,"['恒生科技', '军工ETF', '互联网']",5
518,2024-05-16,2024-05-22,0.033126823944397144,14.972885412025517,"['香港证券', '地产ETF', '恒生科技']",5
519,2024-05-23,2024-05-29,-0.0518948403289472,14.195869914304831,"['地产ETF', '恒生科技', '香港证券']",5
520,2024-05-30,2024-06-05,-0.02309655026265256,13.867994291307012,"['煤炭ETF', '电力ETF', '银行ETF']",5
521,2024-06-06,2024-06-13,0.006509545773771386,13.958268634936674,"['电力ETF', '5GETF', '地产ETF']",5
522,2024-06-14,2024-06-20,0.030141665313397015,14.378994096485423,"['半导体', '5GETF', '芯片ETF']",5
523,2024-06-21,2024-06-27,-0.04516661732840266,13.729543572562104,"['半导体', '芯片ETF', '5GETF']",5
524,2024-06-28,2024-07-04,0.0228019996884421,14.042604620826117,"['5GETF', '电力ETF', '银行ETF']",5
525,2024-07-05,2024-07-11,0.04455770776874535,14.66831089383292,"['电力ETF', '5GETF', '有色金属']",5
526,2024-07-12,2024-07-18,0.008118807722120147,14.78740008958823,"['智能汽车', '汽车ETF', '银行ETF']",5
527,2024-07-19,2024-07-25,-0.03333865866924646,14.294408005395864,"['银行ETF', '芯片ETF', '半导体']",5
528,2024-07-26,2024-08-01,0.015339623573046524,14.513678843398178,"['环保ETF', '军工ETF', '新能源']",5
529,2024-08-02,2024-08-08,-0.030543594206972724,14.0703789263551,"['军工ETF', '证券保险', '券商ETF']",5
530,2024-08-09,2024-08-15,-0.00176052411206995,14.04560768498929,"['地产ETF', '券商ETF', '证券保险']",5
531,2024-08-16,2024-08-22,-0.04656384538681435,13.391590180381598,"['游戏ETF', '证券保险', '券商ETF']",5
532,2024-08-23,2024-08-29,-0.01251282275372756,13.224023586063925,"['银行ETF', '恒生科技', '券商ETF']",5
533,2024-08-30,2024-09-05,0.017999406183567546,13.462048157970568,"['游戏ETF', '恒生科技', '互联网']",5
534,2024-09-06,2024-09-12,-0.01201703118025299,13.300274305506168,"['游戏ETF', '可选消费', '电池ETF']",5
535,2024-09-13,2024-09-23,0.03490732379900874,13.764551287304108,"['互联网', '恒生科技', '香港证券']",5
536,2024-09-24,2024-09-30,0.33789294145647863,18.415496009599853,"['恒生科技', '互联网', '香港证券']",5
537,2024-10-08,2024-10-14,0.053098798676612935,19.393336724743563,"['券商ETF', '香港证券', '软件ETF']",5
538,2024-10-15,2024-10-21,0.06957181636472365,20.742566386056673,"['软件ETF', '香港证券', '半导体']",5
539,2024-10-22,2024-10-28,-0.011548843053911573,20.50301374232876,"['香港证券', '半导体', '芯片ETF']",5
540,2024-10-29,2024-11-04,0.007868384396632955,20.664339335742852,"['香港证券', '芯片ETF', '光伏ETF']",5
541,2024-11-05,2024-11-11,0.1525505082645755,23.816694804362086,"['香港证券', '软件ETF', '半导体']",5
542,2024-11-12,2024-11-18,-0.12380384988439574,20.868096296060376,"['计算机ETF', '软件ETF', '半导体']",5
543,2024-11-19,2024-11-25,0.0046441714109572985,20.965011312279643,"['汽车ETF', '电池ETF', '新能源']",5
544,2024-11-26,2024-12-02,0.052949796012921935,22.075104384673452,"['传媒ETF', '软件ETF', '游戏ETF']",5
545,2024-12-03,2024-12-09,0.024070021772941486,22.606452627852498,"['传媒ETF', '游戏ETF', '软件ETF']",5
546,2024-12-10,2024-12-16,-0.00953972068870046,22.390793384020448,"['传媒ETF', '游戏ETF', '银行ETF']",5
547,2024-12-17,2024-12-23,-0.04605185884998897,21.35965572756027,"['传媒ETF', '游戏ETF', '电力ETF']",5
548,2024-12-24,2024-12-30,0.027373929287110244,21.944353433043524,"['半导体', '芯片ETF', '5GETF']",5
549,2024-12-31,2025-01-07,-0.04162596547885378,21.030898534583887,"['银行ETF', '5GETF', '可选消费']",5
550,2025-01-08,2025-01-14,0.01321545600069185,21.308831448822694,"['银行ETF', '芯片ETF', '可选消费']",5
551,2025-01-15,2025-01-21,0.0038435997853605297,21.390734068805674,"['芯片ETF', '半导体', '有色金属']",5
552,2025-01-22,2025-02-05,-0.01823404247778615,21.000694515164046,"['5GETF', '通信ETF', '恒生科技']",5
553,2025-02-06,2025-02-12,0.10902600767321546,23.290316396517174,"['恒生科技', '软件ETF', '游戏ETF']",5
554,2025-02-13,2025-02-19,0.035099982367110094,24.10780609135934,"['游戏ETF', '软件ETF', '互联网']",5
555,2025-02-20,2025-02-26,0.03654344429910927,24.988788360432657,"['恒生科技', '互联网', '软件ETF']",5
556,2025-02-27,2025-03-05,-0.040009878201133664,23.98898998173784,"['恒生科技', '互联网', '计算机ETF']",5
557,2025-03-06,2025-03-12,0.01863965278884616,24.436136425752544,"['互联网', '恒生科技', '软件ETF']",5
558,2025-03-13,2025-03-19,-0.0006084693019998699,24.421267786877994,"['钢铁ETF', '军工ETF', '有色金属']",5
559,2025-03-20,2025-03-26,-0.030522957919951965,23.67585845786724,"['香港证券', '有色金属', '新能源车']",5
560,2025-03-27,2025-04-02,-0.01663519636480948,23.28200590331518,"['农业ETF', '有色金属', '煤炭ETF']",5
561,2025-04-03,2025-04-10,0.014133509446557113,23.611062353684485,"['电力ETF', '农业ETF', '食品ETF']",5
562,2025-04-11,2025-04-17,-0.0015220903713805134,23.575124183017877,"['农业ETF', '消费ETF', '食品ETF']",5
563,2025-04-18,2025-04-24,0.0023114175450771324,23.629616138681875,"['银行ETF', '地产ETF', '电力ETF']",5
564,2025-04-25,2025-05-06,-0.008077508756114127,23.438747707418056,"['电力ETF', '银行ETF', '农业ETF']",5
565,2025-05-07,2025-05-13,-0.004581420348789611,23.331364951721145,"['军工ETF', '芯片ETF', '半导体']",5
566,2025-05-14,2025-05-20,0.005054918634858074,23.449303103192275,"['通信ETF', '香港证券', '电池ETF']",5
567,2025-05-21,2025-05-27,-0.018305826905104627,23.020044219539905,"['电池ETF', '可选消费', '医药ETF']",5
568,2025-05-28,2025-06-04,0.026405310407001004,23.627895632739744,"['医药ETF', '农业ETF', '银行ETF']",5
569,2025-06-05,2025-06-11,0.046175226301828465,24.718919060617488,"['香港证券', '通信ETF', '游戏ETF']",5
570,2025-06-12,2025-06-18,0.0021906138771570216,24.77306866774,"['香港证券', '游戏ETF', '有色金属']",5
571,2025-06-19,2025-06-25,0.006182314901819641,24.92622357932837,"['通信ETF', '5GETF', '游戏ETF']",5
572,2025-06-26,2025-07-02,0.0002643537998410217,24.93281292124725,"['香港证券', '银行ETF', '通信ETF']",5
573,2025-07-03,2025-07-09,0.05749981397023496,26.36644502597364,"['通信ETF', '5GETF', '香港证券']",5
574,2025-07-10,2025-07-16,0.03984771413954902,27.417087590244773,"['香港证券', '光伏ETF', '5GETF']",5
575,2025-07-17,2025-07-23,0.048257026824222615,28.740154721529276,"['香港证券', '5GETF', '通信ETF']",5
576,2025-07-24,2025-07-30,0.023760054383948237,29.423022360715898,"['香港证券', '钢铁ETF', '有色金属']",5
577,2025-07-31,2025-08-06,-0.0036455908776912294,29.315758058803567,"['通信ETF', '5GETF', '香港证券']",5
578,2025-08-07,2025-08-13,0.05684699335592258,30.982270762396208,"['通信ETF', '有色金属', '军工ETF']",5
579,2025-08-14,2025-08-20,0.048588546862813775,32.48765427725128,"['通信ETF', '5GETF', '有色金属']",5
580,2025-08-21,2025-08-27,0.09427937977645295,35.55057017290236,"['通信ETF', '5GETF', '电子ETF']",5
581,2025-08-28,2025-09-03,0.0678608851138165,37.96306333113636,"['通信ETF', '5GETF', '芯片ETF']",5
582,2025-09-04,2025-09-10,-0.0018732723124705863,37.89194817570158,"['通信ETF', '5GETF', '电池ETF']",5
583,2025-09-11,2025-09-17,0.06989960508368176,40.54058038903445,"['通信ETF', '5GETF', '电池ETF']",5
584,2025-09-18,2025-09-24,0.06553558194544551,43.19743091723594,"['电池ETF', '芯片ETF', '5GETF']",5
585,2025-09-25,2025-10-09,0.09817204830979631,47.43821119210192,"['电池ETF', '新能源', '环保ETF']",5
586,2025-10-10,2025-10-16,-0.0625925313636938,44.46893347022275,"['有色金属', '电池ETF', '新能源']",5
587,2025-10-17,2025-10-23,-0.004648997016191259,44.262197531206475,"['煤炭ETF', '有色金属', '半导体']",5
588,2025-10-24,2025-10-30,0.08400475763037485,47.98043270700325,"['有色金属', '通信ETF', '5GETF']",5
