date,symbol,action,reason,score
2013-09-16,医药卫生,BUY,进入持仓,0.0
2013-09-16,消费ETF,BUY,进入持仓,0.0
2013-10-30,医药ETF,BUY,进入持仓,0.0
2014-06-25,消费ETF,SELL,退出持仓,
2014-06-25,可选消费,BUY,进入持仓,0.0
2014-07-09,医药ETF,SELL,退出持仓,
2014-07-09,消费ETF,BUY,进入持仓,0.48508515239673217
2014-07-30,可选消费,SELL,退出持仓,
2014-07-30,医药ETF,BUY,进入持仓,0.11890157300154794
2014-08-06,医药ETF,SELL,退出持仓,
2014-08-06,可选消费,BUY,进入持仓,-0.3580918966127649
2014-09-18,消费ETF,SELL,退出持仓,
2014-09-18,医药ETF,BUY,进入持仓,0.28700776936659167
2014-11-13,医药卫生,SELL,退出持仓,
2014-11-13,消费ETF,BUY,进入持仓,0.7091819462533291
2014-11-20,消费ETF,SELL,退出持仓,
2014-11-20,医药卫生,BUY,进入持仓,-0.481382980821096
2014-11-27,医药卫生,SELL,退出持仓,
2014-11-27,消费ETF,BUY,进入持仓,0.6204059751043218
2014-12-04,医药ETF,SELL,退出持仓,
2014-12-04,医药卫生,BUY,进入持仓,0.28057614251440477
2014-12-11,医药卫生,SELL,退出持仓,
2014-12-11,医药ETF,BUY,进入持仓,-0.18747621229517447
2015-01-19,可选消费,SELL,退出持仓,
2015-01-19,医药卫生,BUY,进入持仓,0.3034057525517637
2015-01-26,消费ETF,SELL,退出持仓,
2015-01-26,可选消费,BUY,进入持仓,0.36279161936693194
2015-02-09,医药ETF,SELL,退出持仓,
2015-02-09,消费ETF,BUY,进入持仓,-0.38387757736165296
2015-04-14,可选消费,SELL,退出持仓,
2015-04-14,医药ETF,BUY,进入持仓,-0.037184887899228705
2015-04-28,医药ETF,SELL,退出持仓,
2015-04-28,可选消费,BUY,进入持仓,0.8659847320579408
2015-05-06,可选消费,SELL,退出持仓,
2015-05-06,医药ETF,BUY,进入持仓,0.36028381076459204
2015-05-13,医药ETF,SELL,退出持仓,
2015-05-13,可选消费,BUY,进入持仓,0.9817408773644939
2015-05-20,消费ETF,SELL,退出持仓,
2015-05-20,医药ETF,BUY,进入持仓,0.2145627059943807
2015-05-27,医药ETF,SELL,退出持仓,
2015-05-27,消费ETF,BUY,进入持仓,-0.30536028348893884
2015-06-03,消费ETF,SELL,退出持仓,
2015-06-03,医药ETF,BUY,进入持仓,-0.26636936000228223
2015-06-10,医药ETF,SELL,退出持仓,
2015-06-10,消费ETF,BUY,进入持仓,0.16786021365164544
2015-06-25,医药卫生,SELL,退出持仓,
2015-06-25,医药ETF,BUY,进入持仓,0.2607520293125231
2015-07-02,可选消费,SELL,退出持仓,
2015-07-02,医药卫生,BUY,进入持仓,-0.5533527786799461
2015-08-06,消费ETF,SELL,退出持仓,
2015-08-06,可选消费,BUY,进入持仓,-0.43017559986365556
2015-08-13,医药卫生,SELL,退出持仓,
2015-08-13,消费ETF,BUY,进入持仓,0.5652049365518671
2015-08-27,可选消费,SELL,退出持仓,
2015-08-27,医药卫生,BUY,进入持仓,0.19292111999651337
2015-09-14,医药卫生,SELL,退出持仓,
2015-09-14,可选消费,BUY,进入持仓,0.7090343698328784
2015-09-21,可选消费,SELL,退出持仓,
2015-09-21,医药卫生,BUY,进入持仓,0.5470058845786311
2015-09-28,消费ETF,SELL,退出持仓,
2015-09-28,可选消费,BUY,进入持仓,0.4242571885827633
2015-10-12,可选消费,SELL,退出持仓,
2015-10-12,消费ETF,BUY,进入持仓,-0.4666775515508479
2015-10-26,消费ETF,SELL,退出持仓,
2015-10-26,可选消费,BUY,进入持仓,0.11132767763483697
2015-11-09,医药卫生,SELL,退出持仓,
2015-11-09,消费ETF,BUY,进入持仓,-0.12630642527498515
2015-11-16,消费ETF,SELL,退出持仓,
2015-11-16,医药卫生,BUY,进入持仓,0.2536922934293568
2015-11-23,医药卫生,SELL,退出持仓,
2015-11-23,消费ETF,BUY,进入持仓,-0.04922281690887087
2015-11-30,医药ETF,SELL,退出持仓,
2015-11-30,医药卫生,BUY,进入持仓,-0.512407328062848
2015-12-07,消费ETF,SELL,退出持仓,
2015-12-07,医药ETF,BUY,进入持仓,0.7980449977242056
2015-12-21,可选消费,SELL,退出持仓,
2015-12-21,消费ETF,BUY,进入持仓,0.22212702162263312
2015-12-28,消费ETF,SELL,退出持仓,
2015-12-28,可选消费,BUY,进入持仓,0.8857816594995429
2016-01-05,医药卫生,SELL,退出持仓,
2016-01-05,消费ETF,BUY,进入持仓,0.6278297301552621
2016-01-12,可选消费,SELL,退出持仓,
2016-01-12,医药卫生,BUY,进入持仓,-0.7280034370602267
2016-01-19,医药卫生,SELL,退出持仓,
2016-01-19,可选消费,BUY,进入持仓,-0.0015532482718394608
2016-01-26,可选消费,SELL,退出持仓,
2016-01-26,医药卫生,BUY,进入持仓,-0.5009525522693843
2016-02-16,消费ETF,SELL,退出持仓,
2016-02-16,可选消费,BUY,进入持仓,-0.058072775228688416
2016-03-01,医药卫生,SELL,退出持仓,
2016-03-01,消费ETF,BUY,进入持仓,-0.4144025903409765
2016-03-08,医药ETF,SELL,退出持仓,
2016-03-08,医药卫生,BUY,进入持仓,-0.22238903797539095
2016-03-15,医药卫生,SELL,退出持仓,
2016-03-15,医药ETF,BUY,进入持仓,-0.45495892040019015
2016-03-22,可选消费,SELL,退出持仓,
2016-03-22,医药卫生,BUY,进入持仓,0.014321220581098915
2016-04-06,医药ETF,SELL,退出持仓,
2016-04-06,可选消费,BUY,进入持仓,-0.35748127603519503
2016-04-13,可选消费,SELL,退出持仓,
2016-04-13,医药ETF,BUY,进入持仓,-0.20186200872617022
2016-04-20,医药ETF,SELL,退出持仓,
2016-04-20,可选消费,BUY,进入持仓,1.2864662968172411
2016-05-05,医药卫生,SELL,退出持仓,
2016-05-05,医药ETF,BUY,进入持仓,-0.29961514097772
2016-05-19,可选消费,SELL,退出持仓,
2016-05-19,医药卫生,BUY,进入持仓,-0.13252193694930098
2016-05-26,医药卫生,SELL,退出持仓,
2016-05-26,可选消费,BUY,进入持仓,-0.0914681274011051
2016-06-02,可选消费,SELL,退出持仓,
2016-06-02,医药卫生,BUY,进入持仓,-0.2085278833886879
2016-06-13,医药ETF,SELL,退出持仓,
2016-06-13,可选消费,BUY,进入持仓,1.0147922929942543
2016-06-20,可选消费,SELL,退出持仓,
2016-06-20,医药ETF,BUY,进入持仓,0.14223414455422556
2016-06-27,医药ETF,SELL,退出持仓,
2016-06-27,可选消费,BUY,进入持仓,-0.21596313217456192
2016-07-04,可选消费,SELL,退出持仓,
2016-07-04,医药ETF,BUY,进入持仓,-0.2263534073711861
2016-07-18,消费ETF,SELL,退出持仓,
2016-07-18,可选消费,BUY,进入持仓,-0.28439594655940265
2016-07-25,医药卫生,SELL,退出持仓,
2016-07-25,消费ETF,BUY,进入持仓,0.5666745126599577
2016-08-01,可选消费,SELL,退出持仓,
2016-08-01,医药卫生,BUY,进入持仓,-1.0043931199501923
2016-08-08,医药卫生,SELL,退出持仓,
2016-08-08,消费ETF,SELL,退出持仓,
2016-08-08,军工ETF,BUY,进入持仓,0.0
2016-08-08,可选消费,BUY,进入持仓,1.0824961910247324
2016-08-15,军工ETF,SELL,退出持仓,
2016-08-15,可选消费,SELL,退出持仓,
2016-08-15,医药卫生,BUY,进入持仓,-0.039205307270354484
2016-08-15,证券保险,BUY,进入持仓,0.3775315610303781
2016-08-22,证券保险,SELL,退出持仓,
2016-08-22,可选消费,BUY,进入持仓,0.0722741772502305
2016-08-29,可选消费,SELL,退出持仓,
2016-08-29,军工ETF,BUY,进入持仓,0.24036585471944516
2016-09-05,军工ETF,SELL,退出持仓,
2016-09-05,证券保险,BUY,进入持仓,0.7118657234360725
2016-09-12,证券保险,SELL,退出持仓,
2016-09-12,可选消费,BUY,进入持仓,0.4332176816277843
2016-09-28,可选消费,SELL,退出持仓,
2016-09-28,消费ETF,BUY,进入持仓,0.17333754139388746
2016-10-12,医药卫生,SELL,退出持仓,
2016-10-12,消费ETF,SELL,退出持仓,
2016-10-12,军工ETF,BUY,进入持仓,0.41422711283994934
2016-10-12,可选消费,BUY,进入持仓,0.5760603485935847
2016-10-19,可选消费,SELL,退出持仓,
2016-10-19,医药卫生,BUY,进入持仓,1.2239537764156534
2016-10-26,医药ETF,SELL,退出持仓,
2016-10-26,医药卫生,SELL,退出持仓,
2016-10-26,军工ETF,SELL,退出持仓,
2016-10-26,可选消费,BUY,进入持仓,0.45513267204821534
2016-10-26,证券保险,BUY,进入持仓,0.4181782719323377
2016-10-26,消费ETF,BUY,进入持仓,0.4073525859734644
2016-11-02,可选消费,SELL,退出持仓,
2016-11-02,券商ETF,BUY,进入持仓,0.9054371807045671
2016-11-09,消费ETF,SELL,退出持仓,
2016-11-09,可选消费,BUY,进入持仓,0.8833609152515958
2016-11-16,可选消费,SELL,退出持仓,
2016-11-16,军工ETF,BUY,进入持仓,-0.3228285327081832
2016-11-23,军工ETF,SELL,退出持仓,
2016-11-23,可选消费,BUY,进入持仓,1.0156920736782524
2016-11-30,可选消费,SELL,退出持仓,
2016-11-30,消费ETF,BUY,进入持仓,0.3803431653284931
2016-12-07,券商ETF,SELL,退出持仓,
2016-12-07,证券保险,SELL,退出持仓,
2016-12-07,消费ETF,SELL,退出持仓,
2016-12-07,医药ETF,BUY,进入持仓,0.08552740490413743
2016-12-07,军工ETF,BUY,进入持仓,1.5838809975436439
2016-12-07,可选消费,BUY,进入持仓,0.31758867233071225
2016-12-14,可选消费,SELL,退出持仓,
2016-12-14,消费ETF,BUY,进入持仓,1.0423915604704574
2016-12-28,消费ETF,SELL,退出持仓,
2016-12-28,可选消费,BUY,进入持仓,0.7798231732232549
2017-01-05,可选消费,SELL,退出持仓,
2017-01-05,消费ETF,BUY,进入持仓,0.6860685274482271
2017-01-12,医药ETF,SELL,退出持仓,
2017-01-12,医药卫生,BUY,进入持仓,-0.020339685591575923
2017-01-19,军工ETF,SELL,退出持仓,
2017-01-19,证券保险,BUY,进入持仓,0.6535208558598729
2017-01-26,医药卫生,SELL,退出持仓,
2017-01-26,军工ETF,BUY,进入持仓,1.035581359154227
2017-02-09,证券保险,SELL,退出持仓,
2017-02-09,券商ETF,BUY,进入持仓,0.13747684814936387
2017-02-16,军工ETF,SELL,退出持仓,
2017-02-16,消费ETF,SELL,退出持仓,
2017-02-16,可选消费,BUY,进入持仓,0.19300791722281788
2017-02-16,证券保险,BUY,进入持仓,1.2347414227611997
2017-02-23,券商ETF,SELL,退出持仓,
2017-02-23,证券保险,SELL,退出持仓,
2017-02-23,医药卫生,BUY,进入持仓,0.20914086961451792
2017-02-23,消费ETF,BUY,进入持仓,1.6342025327234129
2017-03-02,消费ETF,SELL,退出持仓,
2017-03-02,军工ETF,BUY,进入持仓,0.16091530683088087
2017-03-09,军工ETF,SELL,退出持仓,
2017-03-09,消费ETF,BUY,进入持仓,0.9377537787361282
2017-03-16,医药卫生,SELL,退出持仓,
2017-03-16,医药ETF,BUY,进入持仓,0.4973737807422075
2017-03-23,可选消费,SELL,退出持仓,
2017-03-23,医药卫生,BUY,进入持仓,0.5207788600330259
2017-03-30,医药卫生,SELL,退出持仓,
2017-03-30,可选消费,BUY,进入持仓,0.3910753366514521
2017-04-10,可选消费,SELL,退出持仓,
2017-04-10,消费ETF,SELL,退出持仓,
2017-04-10,环保ETF,BUY,进入持仓,0.8375442411267464
2017-04-10,军工ETF,BUY,进入持仓,0.345268886999876
2017-04-17,军工ETF,SELL,退出持仓,
2017-04-17,消费ETF,BUY,进入持仓,0.46025328278382005
2017-04-24,环保ETF,SELL,退出持仓,
2017-04-24,医药卫生,BUY,进入持仓,0.14986349056100534
2017-05-02,医药ETF,SELL,退出持仓,
2017-05-02,环保ETF,BUY,进入持仓,1.371916519051586
2017-05-09,环保ETF,SELL,退出持仓,
2017-05-09,医药卫生,SELL,退出持仓,
2017-05-09,医药ETF,BUY,进入持仓,1.1993664436020788
2017-05-09,可选消费,BUY,进入持仓,0.4218927311059859
2017-05-16,可选消费,SELL,退出持仓,
2017-05-16,医药卫生,BUY,进入持仓,0.4314514281767061
2017-06-01,医药卫生,SELL,退出持仓,
2017-06-01,消费ETF,SELL,退出持仓,
2017-06-01,券商ETF,BUY,进入持仓,0.6274460920027523
2017-06-01,证券保险,BUY,进入持仓,0.5624598989660929
2017-06-08,券商ETF,SELL,退出持仓,
2017-06-08,证券保险,SELL,退出持仓,
2017-06-08,医药卫生,BUY,进入持仓,0.22048681789858116
2017-06-08,消费ETF,BUY,进入持仓,0.871522623244259
2017-06-15,医药卫生,SELL,退出持仓,
2017-06-15,券商ETF,BUY,进入持仓,0.008031710939116726
2017-06-22,医药ETF,SELL,退出持仓,
2017-06-22,证券保险,BUY,进入持仓,0.8623618428204436
2017-06-29,券商ETF,SELL,退出持仓,
2017-06-29,证券保险,SELL,退出持仓,
2017-06-29,医药ETF,BUY,进入持仓,-0.04136004238155605
2017-06-29,军工ETF,BUY,进入持仓,0.521064441914945
2017-07-06,医药ETF,SELL,退出持仓,
2017-07-06,可选消费,BUY,进入持仓,0.9908063941005572
2017-07-13,可选消费,SELL,退出持仓,
2017-07-13,消费ETF,SELL,退出持仓,
2017-07-13,券商ETF,BUY,进入持仓,1.1426671810192097
2017-07-13,证券保险,BUY,进入持仓,1.2292860978849802
2017-07-20,军工ETF,SELL,退出持仓,
2017-07-20,医药ETF,BUY,进入持仓,-0.09892379412058225
2017-07-27,医药ETF,SELL,退出持仓,
2017-07-27,军工ETF,BUY,进入持仓,0.4836462914846687
2017-08-03,军工ETF,SELL,退出持仓,
2017-08-03,消费ETF,BUY,进入持仓,0.3462644204638262
2017-08-10,券商ETF,SELL,退出持仓,
2017-08-10,证券保险,SELL,退出持仓,
2017-08-10,军工ETF,BUY,进入持仓,0.17244713550801974
2017-08-10,医药卫生,BUY,进入持仓,0.16560920638076054
2017-08-17,医药卫生,SELL,退出持仓,
2017-08-17,环保ETF,BUY,进入持仓,0.7701074529122265
2017-08-24,军工ETF,SELL,退出持仓,
2017-08-24,银行ETF,BUY,进入持仓,0.4489738683992411
2017-08-31,环保ETF,SELL,退出持仓,
2017-08-31,银行ETF,SELL,退出持仓,
2017-08-31,消费ETF,SELL,退出持仓,
2017-08-31,军工ETF,BUY,进入持仓,0.3798218121701818
2017-08-31,券商ETF,BUY,进入持仓,1.011735743952359
2017-08-31,证券保险,BUY,进入持仓,1.0376791343585254
2017-09-07,军工ETF,SELL,退出持仓,
2017-09-07,环保ETF,BUY,进入持仓,1.4245916140602937
2017-09-28,环保ETF,SELL,退出持仓,
2017-09-28,券商ETF,SELL,退出持仓,
2017-09-28,证券保险,SELL,退出持仓,
2017-09-28,医药ETF,BUY,进入持仓,0.642557432786128
2017-09-28,军工ETF,BUY,进入持仓,0.6645972715531414
2017-09-28,消费ETF,BUY,进入持仓,1.6375736684342472
2017-10-12,军工ETF,SELL,退出持仓,
2017-10-12,医药卫生,BUY,进入持仓,0.40722170034826366
2017-11-23,医药ETF,SELL,退出持仓,
2017-11-23,医药卫生,SELL,退出持仓,
2017-11-23,银行ETF,BUY,进入持仓,1.6511866430634092
2017-11-23,可选消费,BUY,进入持仓,0.563102926453738
2017-11-30,可选消费,SELL,退出持仓,
2017-11-30,消费ETF,SELL,退出持仓,
2017-11-30,券商ETF,BUY,进入持仓,0.7303177387458115
2017-11-30,证券保险,BUY,进入持仓,0.643309064131022
2017-12-07,证券保险,SELL,退出持仓,
2017-12-07,军工ETF,BUY,进入持仓,0.6233352660411038
2017-12-14,券商ETF,SELL,退出持仓,
2017-12-14,消费ETF,BUY,进入持仓,1.215397802740609
2017-12-21,银行ETF,SELL,退出持仓,
2017-12-21,军工ETF,SELL,退出持仓,
2017-12-21,医药ETF,BUY,进入持仓,0.7743411011158905
2017-12-21,医药卫生,BUY,进入持仓,0.5561867322999016
2017-12-28,医药卫生,SELL,退出持仓,
2017-12-28,有色金属,BUY,进入持仓,1.1166129404414988
2018-01-05,医药ETF,SELL,退出持仓,
2018-01-05,环保ETF,BUY,进入持仓,0.1640985720083904
2018-01-12,环保ETF,SELL,退出持仓,
2018-01-12,医药ETF,BUY,进入持仓,0.6483026909688901
2018-01-19,有色金属,SELL,退出持仓,
2018-01-19,医药ETF,SELL,退出持仓,
2018-01-19,消费ETF,SELL,退出持仓,
2018-01-19,银行ETF,BUY,进入持仓,1.2961453827780653
2018-01-19,券商ETF,BUY,进入持仓,0.9389673826973928
2018-01-19,证券保险,BUY,进入持仓,1.0200299958352121
2018-02-09,券商ETF,SELL,退出持仓,
2018-02-09,证券保险,SELL,退出持仓,
2018-02-09,医药卫生,BUY,进入持仓,0.3426107432060522
2018-02-09,可选消费,BUY,进入持仓,0.8180207148303441
2018-02-23,医药卫生,SELL,退出持仓,
2018-02-23,可选消费,SELL,退出持仓,
2018-02-23,有色金属,BUY,进入持仓,1.4247461885095052
2018-02-23,消费ETF,BUY,进入持仓,0.8312370943879577
2018-03-02,银行ETF,SELL,退出持仓,
2018-03-02,消费ETF,SELL,退出持仓,
2018-03-02,军工ETF,BUY,进入持仓,1.0463416256893052
2018-03-02,传媒ETF,BUY,进入持仓,0.7311842246841842
2018-03-09,有色金属,SELL,退出持仓,
2018-03-09,传媒ETF,SELL,退出持仓,
2018-03-09,医药ETF,BUY,进入持仓,1.300273087575776
2018-03-09,医药卫生,BUY,进入持仓,0.8633630666951607
2018-03-16,军工ETF,SELL,退出持仓,
2018-03-16,医药卫生,SELL,退出持仓,
2018-03-16,有色金属,BUY,进入持仓,0.7886216733345937
2018-03-16,环保ETF,BUY,进入持仓,0.5902046128415743
2018-03-23,有色金属,SELL,退出持仓,
2018-03-23,环保ETF,SELL,退出持仓,
2018-03-23,军工ETF,BUY,进入持仓,0.5905162943382356
2018-03-23,医药卫生,BUY,进入持仓,1.464071466854071
2018-04-24,医药ETF,SELL,退出持仓,
2018-04-24,医药卫生,SELL,退出持仓,
2018-04-24,消费ETF,BUY,进入持仓,0.5584162573713995
2018-04-24,证券保险,BUY,进入持仓,0.5265198677169067
2018-05-03,军工ETF,SELL,退出持仓,
2018-05-03,消费ETF,SELL,退出持仓,
2018-05-03,医药ETF,BUY,进入持仓,1.031765631290869
2018-05-03,券商ETF,BUY,进入持仓,0.9532781400256535
2018-05-10,券商ETF,SELL,退出持仓,
2018-05-10,证券保险,SELL,退出持仓,
2018-05-10,医药卫生,BUY,进入持仓,1.3217346612183576
2018-05-10,消费ETF,BUY,进入持仓,1.104642303082072
2018-05-24,消费ETF,SELL,退出持仓,
2018-05-24,传媒ETF,BUY,进入持仓,0.08467704745345739
2018-05-31,传媒ETF,SELL,退出持仓,
2018-05-31,消费ETF,BUY,进入持仓,1.7479079191997815
2018-06-29,消费ETF,SELL,退出持仓,
2018-06-29,军工ETF,BUY,进入持仓,0.6595774023748093
2018-07-06,医药ETF,SELL,退出持仓,
2018-07-06,银行ETF,BUY,进入持仓,0.4620062543724729
2018-07-13,银行ETF,SELL,退出持仓,
2018-07-13,医药ETF,BUY,进入持仓,1.5058033373950934
2018-07-20,医药ETF,SELL,退出持仓,
2018-07-20,医药卫生,SELL,退出持仓,
2018-07-20,传媒ETF,BUY,进入持仓,0.5729186673040216
2018-07-20,证券保险,BUY,进入持仓,0.48118501079129505
2018-07-27,传媒ETF,SELL,退出持仓,
2018-07-27,证券保险,SELL,退出持仓,
2018-07-27,环保ETF,BUY,进入持仓,0.5624603164158257
2018-07-27,银行ETF,BUY,进入持仓,1.1341981265471377
2018-08-03,军工ETF,SELL,退出持仓,
2018-08-03,有色金属,BUY,进入持仓,0.12942214056016713
2018-08-10,环保ETF,SELL,退出持仓,
2018-08-10,有色金属,SELL,退出持仓,
2018-08-10,券商ETF,BUY,进入持仓,0.4089283319383148
2018-08-10,证券保险,BUY,进入持仓,0.49843794268247044
2018-08-17,证券保险,SELL,退出持仓,
2018-08-17,军工ETF,BUY,进入持仓,0.9204014014417823
2018-08-24,军工ETF,SELL,退出持仓,
2018-08-24,证券保险,BUY,进入持仓,0.8064414984841326
2018-08-31,券商ETF,SELL,退出持仓,
2018-08-31,军工ETF,BUY,进入持仓,1.5458643806922137
2018-09-07,证券保险,SELL,退出持仓,
2018-09-07,券商ETF,BUY,进入持仓,0.23541144767135172
2018-09-21,券商ETF,SELL,退出持仓,
2018-09-21,消费ETF,BUY,进入持仓,1.1491967406927652
2018-10-15,军工ETF,SELL,退出持仓,
2018-10-15,医药ETF,BUY,进入持仓,0.3647905788054531
2018-10-22,医药ETF,SELL,退出持仓,
2018-10-22,证券保险,BUY,进入持仓,0.910826714767085
2018-10-29,消费ETF,SELL,退出持仓,
2018-10-29,券商ETF,BUY,进入持仓,1.4361140233706484
2018-11-05,银行ETF,SELL,退出持仓,
2018-11-05,传媒ETF,BUY,进入持仓,0.21596374520208358
2018-11-12,传媒ETF,SELL,退出持仓,
2018-11-12,环保ETF,BUY,进入持仓,0.5829931565578348
2018-11-26,券商ETF,SELL,退出持仓,
2018-11-26,证券保险,SELL,退出持仓,
2018-11-26,医药ETF,BUY,进入持仓,0.9636040843560248
2018-11-26,医药卫生,BUY,进入持仓,0.5859029564952272
2018-12-03,环保ETF,SELL,退出持仓,
2018-12-03,消费ETF,BUY,进入持仓,1.5317283606631387
2018-12-10,医药ETF,SELL,退出持仓,
2018-12-10,医药卫生,SELL,退出持仓,
2018-12-10,环保ETF,BUY,进入持仓,0.45780700622380943
2018-12-10,传媒ETF,BUY,进入持仓,0.8159903053983626
2018-12-17,传媒ETF,SELL,退出持仓,
2018-12-17,可选消费,BUY,进入持仓,0.4162455056767938
2018-12-24,可选消费,SELL,退出持仓,
2018-12-24,传媒ETF,BUY,进入持仓,0.9702192433221046
2019-01-02,环保ETF,SELL,退出持仓,
2019-01-02,传媒ETF,SELL,退出持仓,
2019-01-02,券商ETF,BUY,进入持仓,0.37671377446586823
2019-01-02,证券保险,BUY,进入持仓,0.38545069324057796
2019-01-09,消费ETF,SELL,退出持仓,
2019-01-09,军工ETF,BUY,进入持仓,0.7794797361732925
2019-01-16,军工ETF,SELL,退出持仓,
2019-01-16,消费ETF,BUY,进入持仓,1.2881708811267365
2019-01-23,券商ETF,SELL,退出持仓,
2019-01-23,银行ETF,BUY,进入持仓,0.6521087192432038
2019-02-13,银行ETF,SELL,退出持仓,
2019-02-13,证券保险,SELL,退出持仓,
2019-02-13,医药ETF,BUY,进入持仓,0.9390464350026471
2019-02-13,医药卫生,BUY,进入持仓,0.654697655660543
2019-02-20,医药ETF,SELL,退出持仓,
2019-02-20,医药卫生,SELL,退出持仓,
2019-02-20,券商ETF,BUY,进入持仓,0.33156685140624187
2019-02-20,证券保险,BUY,进入持仓,0.41973175160971343
2019-02-27,消费ETF,SELL,退出持仓,
2019-02-27,传媒ETF,BUY,进入持仓,0.5323203246816886
2019-03-13,券商ETF,SELL,退出持仓,
2019-03-13,证券保险,SELL,退出持仓,
2019-03-13,环保ETF,BUY,进入持仓,0.3614236303546102
2019-03-13,军工ETF,BUY,进入持仓,0.4977032335710074
2019-03-20,环保ETF,SELL,退出持仓,
2019-03-20,军工ETF,SELL,退出持仓,
2019-03-20,消费ETF,BUY,进入持仓,0.7884699597036829
2019-03-20,证券保险,BUY,进入持仓,0.25407775851825115
2019-03-27,传媒ETF,SELL,退出持仓,
2019-03-27,证券保险,SELL,退出持仓,
2019-03-27,医药ETF,BUY,进入持仓,1.0995356699733703
2019-03-27,环保ETF,BUY,进入持仓,0.571366116809783
2019-04-03,医药ETF,SELL,退出持仓,
2019-04-03,环保ETF,SELL,退出持仓,
2019-04-03,军工ETF,BUY,进入持仓,0.461918897483467
2019-04-03,医药卫生,BUY,进入持仓,0.5284861272795378
2019-04-11,军工ETF,SELL,退出持仓,
2019-04-11,医药卫生,SELL,退出持仓,
2019-04-11,医药ETF,BUY,进入持仓,0.6287693324922026
2019-04-11,可选消费,BUY,进入持仓,1.0354421387335153
2019-04-18,医药ETF,SELL,退出持仓,
2019-04-18,银行ETF,BUY,进入持仓,0.7582012376589885
2019-05-07,可选消费,SELL,退出持仓,
2019-05-07,医药ETF,BUY,进入持仓,0.837206771503183
2019-05-14,医药ETF,SELL,退出持仓,
2019-05-14,军工ETF,BUY,进入持仓,0.5986987682753981
2019-05-21,军工ETF,SELL,退出持仓,
2019-05-21,银行ETF,SELL,退出持仓,
2019-05-21,有色金属,BUY,进入持仓,0.6502524060964487
2019-05-21,医药ETF,BUY,进入持仓,0.31686585457409405
2019-05-28,有色金属,SELL,退出持仓,
2019-05-28,医药ETF,SELL,退出持仓,
2019-05-28,军工ETF,BUY,进入持仓,0.7331317429779691
2019-05-28,银行ETF,BUY,进入持仓,0.42825001107934035
2019-06-04,银行ETF,SELL,退出持仓,
2019-06-04,有色金属,BUY,进入持仓,1.9875845096025078
2019-06-12,军工ETF,SELL,退出持仓,
2019-06-12,银行ETF,BUY,进入持仓,0.8571748753697425
2019-06-19,有色金属,SELL,退出持仓,
2019-06-19,消费ETF,SELL,退出持仓,
2019-06-19,券商ETF,BUY,进入持仓,0.7134844242753617
2019-06-19,证券保险,BUY,进入持仓,0.7615263513653215
2019-06-26,银行ETF,SELL,退出持仓,
2019-06-26,有色金属,BUY,进入持仓,0.5999986335091778
2019-07-03,有色金属,SELL,退出持仓,
2019-07-03,券商ETF,SELL,退出持仓,
2019-07-03,证券保险,SELL,退出持仓,
2019-07-03,医药ETF,BUY,进入持仓,0.5850023455612336
2019-07-03,军工ETF,BUY,进入持仓,0.31223298185882487
2019-07-03,消费ETF,BUY,进入持仓,1.1460918751151166
2019-07-10,军工ETF,SELL,退出持仓,
2019-07-10,医药卫生,BUY,进入持仓,0.93511160619803
2019-07-17,医药ETF,SELL,退出持仓,
2019-07-17,医药卫生,SELL,退出持仓,
2019-07-17,消费ETF,SELL,退出持仓,
2019-07-17,半导体,BUY,进入持仓,0.9920355897894036
2019-07-17,军工ETF,BUY,进入持仓,1.0562254798427861
2019-07-17,券商ETF,BUY,进入持仓,0.5317585885565053
2019-07-24,券商ETF,SELL,退出持仓,
2019-07-24,银行ETF,BUY,进入持仓,1.0198286093240543
2019-08-07,军工ETF,SELL,退出持仓,
2019-08-07,有色金属,BUY,进入持仓,2.186082658035023
2019-08-14,有色金属,SELL,退出持仓,
2019-08-14,银行ETF,SELL,退出持仓,
2019-08-14,医药ETF,BUY,进入持仓,1.0531744294950969
2019-08-14,医药卫生,BUY,进入持仓,0.6878680594625216
2019-08-21,医药ETF,SELL,退出持仓,
2019-08-21,传媒ETF,BUY,进入持仓,0.5439793128078569
2019-08-28,半导体,SELL,退出持仓,
2019-08-28,传媒ETF,SELL,退出持仓,
2019-08-28,医药ETF,BUY,进入持仓,1.2200128938018198
2019-08-28,消费ETF,BUY,进入持仓,0.8218043270530779
2019-09-04,医药ETF,SELL,退出持仓,
2019-09-04,医药卫生,SELL,退出持仓,
2019-09-04,消费ETF,SELL,退出持仓,
2019-09-04,半导体,BUY,进入持仓,1.6681186218767858
2019-09-04,军工ETF,BUY,进入持仓,0.8166679929369085
2019-09-04,传媒ETF,BUY,进入持仓,0.49027891171188603
2019-09-11,军工ETF,SELL,退出持仓,
2019-09-11,券商ETF,BUY,进入持仓,0.7959180162732458
2019-09-19,传媒ETF,SELL,退出持仓,
2019-09-19,券商ETF,SELL,退出持仓,
2019-09-19,可选消费,BUY,进入持仓,0.48571958386906355
2019-09-19,科技ETF,BUY,进入持仓,1.0128201246056165
2019-09-26,可选消费,SELL,退出持仓,
2019-09-26,银行ETF,BUY,进入持仓,1.1497688349078312
2019-10-10,半导体,SELL,退出持仓,
2019-10-10,科技ETF,SELL,退出持仓,
2019-10-10,医药ETF,BUY,进入持仓,1.1377426022558201
2019-10-10,医药卫生,BUY,进入持仓,0.8124727785779945
2019-10-31,银行ETF,SELL,退出持仓,
2019-10-31,消费ETF,BUY,进入持仓,1.0794046522031522
2019-11-07,消费ETF,SELL,退出持仓,
2019-11-07,银行ETF,BUY,进入持仓,1.1772462641829784
2019-11-14,银行ETF,SELL,退出持仓,
2019-11-14,医药卫生,SELL,退出持仓,
2019-11-14,半导体,BUY,进入持仓,1.5863775955246386
2019-11-14,科技ETF,BUY,进入持仓,1.2733022524182027
2019-11-28,医药ETF,SELL,退出持仓,
2019-11-28,科技ETF,SELL,退出持仓,
2019-11-28,有色金属,BUY,进入持仓,1.6913621984704825
2019-11-28,环保ETF,BUY,进入持仓,0.9140082958419833
2019-12-12,环保ETF,SELL,退出持仓,
2019-12-12,通信ETF,BUY,进入持仓,0.6253468946203569
2019-12-19,半导体,SELL,退出持仓,
2019-12-19,有色金属,SELL,退出持仓,
2019-12-19,通信ETF,SELL,退出持仓,
2019-12-19,券商ETF,BUY,进入持仓,0.7934338517880657
2019-12-19,传媒ETF,BUY,进入持仓,0.8641572850618997
2019-12-19,证券保险,BUY,进入持仓,0.7525881969979147
2019-12-26,传媒ETF,SELL,退出持仓,
2019-12-26,证券保险,SELL,退出持仓,
2019-12-26,半导体,BUY,进入持仓,1.4961834013817341
2019-12-26,有色金属,BUY,进入持仓,0.915213934000442
2020-01-03,半导体,SELL,退出持仓,
2020-01-03,传媒ETF,BUY,进入持仓,1.1210330181804506
2020-01-10,有色金属,SELL,退出持仓,
2020-01-10,券商ETF,SELL,退出持仓,
2020-01-10,环保ETF,BUY,进入持仓,0.6313301209530184
2020-01-10,可选消费,BUY,进入持仓,0.6406757614835367
2020-01-17,环保ETF,SELL,退出持仓,
2020-01-17,可选消费,SELL,退出持仓,
2020-01-17,传媒ETF,SELL,退出持仓,
2020-01-17,半导体,BUY,进入持仓,1.627000246499248
2020-01-17,有色金属,BUY,进入持仓,0.6734465260296967
2020-01-17,科技ETF,BUY,进入持仓,0.8940969402395256
2020-02-03,有色金属,SELL,退出持仓,
2020-02-03,医药卫生,BUY,进入持仓,0.6396177785025605
2020-02-10,医药卫生,SELL,退出持仓,
2020-02-10,传媒ETF,BUY,进入持仓,1.0004130353872562
2020-02-17,传媒ETF,SELL,退出持仓,
2020-02-17,军工ETF,BUY,进入持仓,0.42310091809812567
2020-02-24,军工ETF,SELL,退出持仓,
2020-02-24,通信ETF,BUY,进入持仓,0.8360626658434904
2020-03-02,半导体,SELL,退出持仓,
2020-03-02,科技ETF,SELL,退出持仓,
2020-03-02,军工ETF,BUY,进入持仓,0.5340350191021259
2020-03-02,消费ETF,BUY,进入持仓,0.5425369375207749
2020-03-09,军工ETF,SELL,退出持仓,
2020-03-09,消费ETF,SELL,退出持仓,
2020-03-09,券商ETF,BUY,进入持仓,1.0642184942519726
2020-03-09,证券保险,BUY,进入持仓,1.13903410576849
2020-03-16,券商ETF,SELL,退出持仓,
2020-03-16,证券保险,SELL,退出持仓,
2020-03-16,可选消费,BUY,进入持仓,1.0107342477908987
2020-03-16,芯片ETF,BUY,进入持仓,0.39760209603686425
2020-03-23,通信ETF,SELL,退出持仓,
2020-03-23,可选消费,SELL,退出持仓,
2020-03-23,芯片ETF,SELL,退出持仓,
2020-03-23,医药ETF,BUY,进入持仓,1.053932282353273
2020-03-23,医药卫生,BUY,进入持仓,1.1980922482678211
2020-03-23,消费ETF,BUY,进入持仓,1.0161057560059596
2020-05-08,医药ETF,SELL,退出持仓,
2020-05-08,医药卫生,SELL,退出持仓,
2020-05-08,消费ETF,SELL,退出持仓,
2020-05-08,半导体,BUY,进入持仓,1.1417330159590362
2020-05-08,芯片ETF,BUY,进入持仓,1.3492868767398714
2020-05-08,5GETF,BUY,进入持仓,1.0688986394558144
2020-05-15,5GETF,SELL,退出持仓,
2020-05-15,电子ETF,BUY,进入持仓,1.0436463334121466
2020-05-22,电子ETF,SELL,退出持仓,
2020-05-22,消费ETF,BUY,进入持仓,0.8958622275782597
2020-05-29,半导体,SELL,退出持仓,
2020-05-29,消费ETF,SELL,退出持仓,
2020-05-29,芯片ETF,SELL,退出持仓,
2020-05-29,有色金属,BUY,进入持仓,1.0715520776265386
2020-05-29,可选消费,BUY,进入持仓,1.461759507077499
2020-05-29,传媒ETF,BUY,进入持仓,0.6322166121507425
2020-06-05,有色金属,SELL,退出持仓,
2020-06-05,传媒ETF,SELL,退出持仓,
2020-06-05,香港证券,BUY,进入持仓,1.004552397256245
2020-06-05,电子ETF,BUY,进入持仓,0.8997328812194226
2020-06-12,香港证券,SELL,退出持仓,
2020-06-12,电子ETF,SELL,退出持仓,
2020-06-12,医药ETF,BUY,进入持仓,1.3910612674754215
2020-06-12,医药卫生,BUY,进入持仓,1.369640087320847
2020-06-19,可选消费,SELL,退出持仓,
2020-06-19,5GETF,BUY,进入持仓,0.7924090319563277
2020-06-30,医药ETF,SELL,退出持仓,
2020-06-30,科技ETF,BUY,进入持仓,1.1158721010395158
2020-07-07,5GETF,SELL,退出持仓,
2020-07-07,医药卫生,SELL,退出持仓,
2020-07-07,科技ETF,SELL,退出持仓,
2020-07-07,香港证券,BUY,进入持仓,0.8845759665997159
2020-07-07,券商ETF,BUY,进入持仓,1.5974186041812892
2020-07-07,证券保险,BUY,进入持仓,1.6165315479681233
2020-07-14,香港证券,SELL,退出持仓,
2020-07-14,芯片ETF,BUY,进入持仓,1.0657756215454928
2020-07-21,芯片ETF,SELL,退出持仓,
2020-07-21,军工ETF,BUY,进入持仓,1.4785513067301497
2020-07-28,券商ETF,SELL,退出持仓,
2020-07-28,证券保险,SELL,退出持仓,
2020-07-28,有色金属,BUY,进入持仓,1.3484406568945637
2020-07-28,消费ETF,BUY,进入持仓,1.3298407954710005
2020-08-04,有色金属,SELL,退出持仓,
2020-08-04,消费ETF,SELL,退出持仓,
2020-08-04,医药ETF,BUY,进入持仓,1.4483463705350497
2020-08-04,医药卫生,BUY,进入持仓,1.2236723752541863
2020-08-11,医药ETF,SELL,退出持仓,
2020-08-11,医药卫生,SELL,退出持仓,
2020-08-11,环保ETF,BUY,进入持仓,0.6763644312256181
2020-08-11,可选消费,BUY,进入持仓,0.6833951097183698
2020-08-18,环保ETF,SELL,退出持仓,
2020-08-18,可选消费,SELL,退出持仓,
2020-08-18,煤炭ETF,BUY,进入持仓,0.5884035323630052
2020-08-18,消费ETF,BUY,进入持仓,0.8524362022068541
2020-08-25,煤炭ETF,SELL,退出持仓,
2020-08-25,军工ETF,SELL,退出持仓,
2020-08-25,可选消费,BUY,进入持仓,0.9190155240103024
2020-08-25,传媒ETF,BUY,进入持仓,0.8921254412697606
2020-09-01,传媒ETF,SELL,退出持仓,
2020-09-01,军工ETF,BUY,进入持仓,0.9422202583309034
2020-09-08,军工ETF,SELL,退出持仓,
2020-09-08,可选消费,SELL,退出持仓,
2020-09-08,消费ETF,SELL,退出持仓,
2020-09-08,煤炭ETF,BUY,进入持仓,1.9303631152009082
2020-09-08,钢铁ETF,BUY,进入持仓,1.300671837055814
2020-09-08,传媒ETF,BUY,进入持仓,1.1758133574404406
2020-09-15,煤炭ETF,SELL,退出持仓,
2020-09-15,钢铁ETF,SELL,退出持仓,
2020-09-15,传媒ETF,SELL,退出持仓,
2020-09-15,环保ETF,BUY,进入持仓,1.4738344275687674
2020-09-15,可选消费,BUY,进入持仓,0.9469461043188654
2020-09-15,消费ETF,BUY,进入持仓,1.0927129467759058
2020-09-22,可选消费,SELL,退出持仓,
2020-09-22,消费ETF,SELL,退出持仓,
2020-09-22,煤炭ETF,BUY,进入持仓,1.410665100726878
2020-09-22,券商ETF,BUY,进入持仓,1.0518488537347326
2020-10-14,煤炭ETF,SELL,退出持仓,
2020-10-14,券商ETF,SELL,退出持仓,
2020-10-14,医药ETF,BUY,进入持仓,0.8714624106720281
2020-10-14,军工ETF,BUY,进入持仓,0.8719418873638599
2020-10-21,环保ETF,SELL,退出持仓,
2020-10-21,军工ETF,SELL,退出持仓,
2020-10-21,银行ETF,BUY,进入持仓,1.6713338851825241
2020-10-21,可选消费,BUY,进入持仓,0.8846237875435992
2020-10-28,银行ETF,SELL,退出持仓,
2020-10-28,可选消费,SELL,退出持仓,
2020-10-28,环保ETF,BUY,进入持仓,1.2953779933283718
2020-10-28,消费ETF,BUY,进入持仓,1.046783853541174
2020-11-04,环保ETF,SELL,退出持仓,
2020-11-04,医药ETF,SELL,退出持仓,
2020-11-04,消费ETF,SELL,退出持仓,
2020-11-04,有色金属,BUY,进入持仓,1.1189445380471619
2020-11-04,可选消费,BUY,进入持仓,1.7045286258531416
2020-11-04,半导体,BUY,进入持仓,0.7274231786505193
2020-11-11,半导体,SELL,退出持仓,
2020-11-11,可选消费,SELL,退出持仓,
2020-11-11,煤炭ETF,BUY,进入持仓,1.0056850507085942
2020-11-11,钢铁ETF,BUY,进入持仓,1.5386064071378351
2020-11-25,钢铁ETF,SELL,退出持仓,
2020-11-25,半导体,BUY,进入持仓,0.7646280507250683
2020-12-02,半导体,SELL,退出持仓,
2020-12-02,证券保险,BUY,进入持仓,0.9209757408881496
2020-12-09,证券保险,SELL,退出持仓,
2020-12-09,军工ETF,BUY,进入持仓,1.2565440511145562
2020-12-16,有色金属,SELL,退出持仓,
2020-12-16,煤炭ETF,SELL,退出持仓,
2020-12-16,军工ETF,SELL,退出持仓,
2020-12-16,医药ETF,BUY,进入持仓,1.611163350382491
2020-12-16,环保ETF,BUY,进入持仓,1.4923098097027259
2020-12-16,消费ETF,BUY,进入持仓,1.5366139470966367
2020-12-23,消费ETF,SELL,退出持仓,
2020-12-23,军工ETF,BUY,进入持仓,1.2989673243466173
2020-12-30,环保ETF,SELL,退出持仓,
2020-12-30,消费ETF,BUY,进入持仓,1.2895890507978218
2021-01-07,医药ETF,SELL,退出持仓,
2021-01-07,环保ETF,BUY,进入持仓,1.4437151669494557
2021-01-14,环保ETF,SELL,退出持仓,
2021-01-14,军工ETF,SELL,退出持仓,
2021-01-14,消费ETF,SELL,退出持仓,
2021-01-14,电子ETF,BUY,进入持仓,1.0525252776728098
2021-01-14,科技ETF,BUY,进入持仓,0.8662137750835693
2021-01-14,芯片ETF,BUY,进入持仓,1.0788689787153398
2021-01-21,电子ETF,SELL,退出持仓,
2021-01-21,香港证券,BUY,进入持仓,1.8857002964852143
2021-01-28,香港证券,SELL,退出持仓,
2021-01-28,科技ETF,SELL,退出持仓,
2021-01-28,芯片ETF,SELL,退出持仓,
2021-01-28,环保ETF,BUY,进入持仓,1.1899402707703222
2021-01-28,光伏ETF,BUY,进入持仓,1.6583140604362958
2021-01-28,银行ETF,BUY,进入持仓,0.8225113746098083
2021-02-04,环保ETF,SELL,退出持仓,
2021-02-04,光伏ETF,SELL,退出持仓,
2021-02-04,医药ETF,BUY,进入持仓,1.1019581837221666
2021-02-04,医药卫生,BUY,进入持仓,0.9535676476959256
2021-02-18,医药卫生,SELL,退出持仓,
2021-02-18,有色金属,BUY,进入持仓,2.1300608874414544
2021-02-25,医药ETF,SELL,退出持仓,
2021-02-25,钢铁ETF,BUY,进入持仓,1.8930078662267504
2021-03-04,有色金属,SELL,退出持仓,
2021-03-04,煤炭ETF,BUY,进入持仓,1.6650185779667435
2021-03-11,银行ETF,SELL,退出持仓,
2021-03-11,有色金属,BUY,进入持仓,1.1243659581920842
2021-03-18,有色金属,SELL,退出持仓,
2021-03-18,银行ETF,BUY,进入持仓,1.1766314095989832
2021-03-25,银行ETF,SELL,退出持仓,
2021-03-25,可选消费,BUY,进入持仓,0.6857478317935701
2021-04-01,煤炭ETF,SELL,退出持仓,
2021-04-01,可选消费,SELL,退出持仓,
2021-04-01,钢铁ETF,SELL,退出持仓,
2021-04-01,香港证券,BUY,进入持仓,1.8864936683788458
2021-04-01,新能源车,BUY,进入持仓,1.0869349609183976
2021-04-01,食品饮料,BUY,进入持仓,1.0515143401232665
2021-04-09,香港证券,SELL,退出持仓,
2021-04-09,新能源车,SELL,退出持仓,
2021-04-09,食品饮料,SELL,退出持仓,
2021-04-09,半导体,BUY,进入持仓,1.5812645314045917
2021-04-09,钢铁ETF,BUY,进入持仓,1.4446133360926305
2021-04-09,芯片ETF,BUY,进入持仓,0.9900378187395744
2021-04-16,半导体,SELL,退出持仓,
2021-04-16,芯片ETF,SELL,退出持仓,
2021-04-16,软件ETF,BUY,进入持仓,1.1152079767975547
2021-04-16,煤炭ETF,BUY,进入持仓,1.1123455547313759
2021-04-23,软件ETF,SELL,退出持仓,
2021-04-23,煤炭ETF,SELL,退出持仓,
2021-04-23,医药ETF,BUY,进入持仓,0.9120737505407475
2021-04-23,新能源,BUY,进入持仓,1.0038525508433664
2021-04-30,钢铁ETF,SELL,退出持仓,
2021-04-30,新能源,SELL,退出持仓,
2021-04-30,半导体,BUY,进入持仓,1.2072610369498213
2021-04-30,医药卫生,BUY,进入持仓,1.562101319749169
2021-05-12,医药ETF,SELL,退出持仓,
2021-05-12,医药卫生,SELL,退出持仓,
2021-05-12,半导体,SELL,退出持仓,
2021-05-12,有色金属,BUY,进入持仓,1.5186953167869763
2021-05-12,煤炭ETF,BUY,进入持仓,2.642855071154118
2021-05-12,钢铁ETF,BUY,进入持仓,1.8388845434323249
2021-05-19,有色金属,SELL,退出持仓,
2021-05-19,煤炭ETF,SELL,退出持仓,
2021-05-19,钢铁ETF,SELL,退出持仓,
2021-05-19,医药ETF,BUY,进入持仓,1.5939987744475053
2021-05-19,医药卫生,BUY,进入持仓,1.3553507781841314
2021-05-19,新能源,BUY,进入持仓,1.1704839168194991
2021-05-26,医药ETF,SELL,退出持仓,
2021-05-26,医药卫生,SELL,退出持仓,
2021-05-26,新能源,SELL,退出持仓,
2021-05-26,食品饮料,BUY,进入持仓,1.3367088299418257
2021-05-26,新能源车,BUY,进入持仓,1.3779212242665848
2021-05-26,券商ETF,BUY,进入持仓,0.944911164226787
2021-06-02,食品饮料,SELL,退出持仓,
2021-06-02,新能源车,SELL,退出持仓,
2021-06-02,券商ETF,SELL,退出持仓,
2021-06-02,化工ETF,BUY,进入持仓,1.2205368079342473
2021-06-02,军工ETF,BUY,进入持仓,1.125746001440415
2021-06-02,新能源,BUY,进入持仓,1.3144427464541946
2021-06-09,化工ETF,SELL,退出持仓,
2021-06-09,新能源,SELL,退出持仓,
2021-06-09,半导体,BUY,进入持仓,1.548191687519605
2021-06-09,芯片ETF,BUY,进入持仓,1.2894852913268084
2021-06-17,军工ETF,SELL,退出持仓,
2021-06-17,软件ETF,BUY,进入持仓,1.1464238045474622
2021-06-24,软件ETF,SELL,退出持仓,
2021-06-24,光伏ETF,BUY,进入持仓,1.512929483124282
2021-07-01,光伏ETF,SELL,退出持仓,
2021-07-01,环保ETF,BUY,进入持仓,1.1684189924794683
2021-07-08,环保ETF,SELL,退出持仓,
2021-07-08,新能源,BUY,进入持仓,1.7358595988184513
2021-07-15,半导体,SELL,退出持仓,
2021-07-15,芯片ETF,SELL,退出持仓,
2021-07-15,有色金属,BUY,进入持仓,1.7375641278715452
2021-07-15,光伏ETF,BUY,进入持仓,1.704453373789289
2021-07-29,光伏ETF,SELL,退出持仓,
2021-07-29,新能源,SELL,退出持仓,
2021-07-29,半导体,BUY,进入持仓,1.4613328478317538
2021-07-29,芯片ETF,BUY,进入持仓,1.5843006777424387
2021-08-05,有色金属,SELL,退出持仓,
2021-08-05,芯片ETF,SELL,退出持仓,
2021-08-05,半导体,SELL,退出持仓,
2021-08-05,光伏ETF,BUY,进入持仓,1.8281154529097505
2021-08-05,军工ETF,BUY,进入持仓,1.62107439211265
2021-08-05,新能源,BUY,进入持仓,1.1507692353847312
2021-08-12,光伏ETF,SELL,退出持仓,
2021-08-12,新能源,SELL,退出持仓,
2021-08-12,煤炭ETF,BUY,进入持仓,1.9482545014481039
2021-08-12,钢铁ETF,BUY,进入持仓,1.2587376988810077
2021-08-19,煤炭ETF,SELL,退出持仓,
2021-08-19,钢铁ETF,SELL,退出持仓,
2021-08-19,券商ETF,BUY,进入持仓,1.3362424888897722
2021-08-19,证券保险,BUY,进入持仓,1.3191579760890915
2021-08-26,军工ETF,SELL,退出持仓,
2021-08-26,券商ETF,SELL,退出持仓,
2021-08-26,证券保险,SELL,退出持仓,
2021-08-26,煤炭ETF,BUY,进入持仓,2.3042508418834933
2021-08-26,钢铁ETF,BUY,进入持仓,1.648364919896065
2021-08-26,光伏ETF,BUY,进入持仓,1.5327271749565736
2021-09-09,光伏ETF,SELL,退出持仓,
2021-09-09,游戏ETF,BUY,进入持仓,1.0441305814458237
2021-09-16,钢铁ETF,SELL,退出持仓,
2021-09-16,化工ETF,BUY,进入持仓,1.540230919394179
2021-09-27,化工ETF,SELL,退出持仓,
2021-09-27,煤炭ETF,SELL,退出持仓,
2021-09-27,游戏ETF,SELL,退出持仓,
2021-09-27,食品饮料,BUY,进入持仓,1.5529504510997392
2021-09-27,新能源车,BUY,进入持仓,1.4897374121310172
2021-09-27,消费ETF,BUY,进入持仓,1.5849160490671679
2021-10-18,食品饮料,SELL,退出持仓,
2021-10-18,新能源车,SELL,退出持仓,
2021-10-18,消费ETF,SELL,退出持仓,
2021-10-18,环保ETF,BUY,进入持仓,1.3731027138920053
2021-10-18,光伏ETF,BUY,进入持仓,1.2011988431510598
2021-10-18,新能源,BUY,进入持仓,1.286455033736516
2021-10-25,环保ETF,SELL,退出持仓,
2021-10-25,光伏ETF,SELL,退出持仓,
2021-10-25,新能源,SELL,退出持仓,
2021-10-25,恒生科技,BUY,进入持仓,1.1999757025002553
2021-10-25,新能源车,BUY,进入持仓,1.1152699235790924
2021-10-25,消费ETF,BUY,进入持仓,1.328633404296204
2021-11-01,恒生科技,SELL,退出持仓,
2021-11-01,新能源车,SELL,退出持仓,
2021-11-01,消费ETF,SELL,退出持仓,
2021-11-01,光伏ETF,BUY,进入持仓,1.1607964988704194
2021-11-01,智能汽车,BUY,进入持仓,1.494577277571033
2021-11-01,新能源,BUY,进入持仓,1.0714080874422784
2021-11-08,光伏ETF,SELL,退出持仓,
2021-11-08,新能源,SELL,退出持仓,
2021-11-08,电池ETF,BUY,进入持仓,1.4783325107275784
2021-11-08,游戏ETF,BUY,进入持仓,1.177949935420298
2021-11-15,电池ETF,SELL,退出持仓,
2021-11-15,智能汽车,SELL,退出持仓,
2021-11-15,军工ETF,BUY,进入持仓,1.2247284792065614
2021-11-15,传媒ETF,BUY,进入持仓,1.1286897853110986
2021-11-22,军工ETF,SELL,退出持仓,
2021-11-22,游戏ETF,SELL,退出持仓,
2021-11-22,传媒ETF,SELL,退出持仓,
2021-11-22,通信ETF,BUY,进入持仓,1.2073665610393416
2021-11-22,5GETF,BUY,进入持仓,1.1380660493848858
2021-11-22,智能汽车,BUY,进入持仓,1.5046320598708292
2021-11-29,通信ETF,SELL,退出持仓,
2021-11-29,5GETF,SELL,退出持仓,
2021-11-29,有色金属,BUY,进入持仓,1.3218514331772295
2021-11-29,军工ETF,BUY,进入持仓,1.2039360558173544
2021-12-06,有色金属,SELL,退出持仓,
2021-12-06,智能汽车,SELL,退出持仓,
2021-12-06,煤炭ETF,BUY,进入持仓,1.205840559390318
2021-12-06,钢铁ETF,BUY,进入持仓,1.1701092297184983
2021-12-13,煤炭ETF,SELL,退出持仓,
2021-12-13,军工ETF,SELL,退出持仓,
2021-12-13,钢铁ETF,SELL,退出持仓,
2021-12-13,食品饮料,BUY,进入持仓,1.403244699920138
2021-12-13,食品ETF,BUY,进入持仓,1.30948998300655
2021-12-13,新能源车,BUY,进入持仓,1.263111722969974
2021-12-20,食品饮料,SELL,退出持仓,
2021-12-20,食品ETF,SELL,退出持仓,
2021-12-20,新能源车,SELL,退出持仓,
2021-12-20,煤炭ETF,BUY,进入持仓,2.082458575802771
2021-12-20,钢铁ETF,BUY,进入持仓,1.5105701058219583
2021-12-20,地产ETF,BUY,进入持仓,1.20039850124681
2021-12-27,钢铁ETF,SELL,退出持仓,
2021-12-27,传媒ETF,BUY,进入持仓,1.2612382382170146
2022-01-04,煤炭ETF,SELL,退出持仓,
2022-01-04,游戏ETF,BUY,进入持仓,2.2173107026627203
2022-01-11,传媒ETF,SELL,退出持仓,
2022-01-11,游戏ETF,SELL,退出持仓,
2022-01-11,钢铁ETF,BUY,进入持仓,1.3930249127524128
2022-01-11,银行ETF,BUY,进入持仓,1.6930803883253702
2022-01-18,钢铁ETF,SELL,退出持仓,
2022-01-18,银行ETF,SELL,退出持仓,
2022-01-18,软件ETF,BUY,进入持仓,1.5446029685552674
2022-01-18,智能汽车,BUY,进入持仓,1.4933041599897516
2022-01-25,软件ETF,SELL,退出持仓,
2022-01-25,智能汽车,SELL,退出持仓,
2022-01-25,香港证券,BUY,进入持仓,1.9074620816078829
2022-01-25,银行ETF,BUY,进入持仓,2.162258869509542
2022-02-08,香港证券,SELL,退出持仓,
2022-02-08,地产ETF,SELL,退出持仓,
2022-02-08,煤炭ETF,BUY,进入持仓,2.0966673846123465
2022-02-08,钢铁ETF,BUY,进入持仓,1.476572826685969
2022-02-15,钢铁ETF,SELL,退出持仓,
2022-02-15,银行ETF,SELL,退出持仓,
2022-02-15,有色金属,BUY,进入持仓,2.051067249053917
2022-02-15,消费ETF,BUY,进入持仓,0.9218601866276273
2022-02-22,消费ETF,SELL,退出持仓,
2022-02-22,钢铁ETF,BUY,进入持仓,1.287829579234104
2022-03-01,钢铁ETF,SELL,退出持仓,
2022-03-01,光伏ETF,BUY,进入持仓,1.2858961063102694
2022-03-15,有色金属,SELL,退出持仓,
2022-03-15,煤炭ETF,SELL,退出持仓,
2022-03-15,环保ETF,BUY,进入持仓,1.2033703525452213
2022-03-15,新能源,BUY,进入持仓,1.3187715750600524
2022-03-22,环保ETF,SELL,退出持仓,
2022-03-22,光伏ETF,SELL,退出持仓,
2022-03-22,新能源,SELL,退出持仓,
2022-03-22,煤炭ETF,BUY,进入持仓,1.8780921975317193
2022-03-22,医药卫生,BUY,进入持仓,0.9072280251604526
2022-03-22,地产ETF,BUY,进入持仓,1.1645975408098288
2022-04-07,煤炭ETF,SELL,退出持仓,
2022-04-07,医药卫生,SELL,退出持仓,
2022-04-07,银行ETF,BUY,进入持仓,1.3113638381260284
2022-04-07,游戏ETF,BUY,进入持仓,1.384293363715395
2022-04-14,银行ETF,SELL,退出持仓,
2022-04-14,游戏ETF,SELL,退出持仓,
2022-04-14,煤炭ETF,BUY,进入持仓,2.151589480056685
2022-04-14,恒生科技,BUY,进入持仓,0.9622584413862159
2022-04-21,煤炭ETF,SELL,退出持仓,
2022-04-21,恒生科技,SELL,退出持仓,
2022-04-21,地产ETF,SELL,退出持仓,
2022-04-21,食品饮料,BUY,进入持仓,1.3390554725082282
2022-04-21,食品ETF,BUY,进入持仓,1.3031138526971267
2022-04-21,新能源车,BUY,进入持仓,1.3744483311458842
2022-05-10,食品饮料,SELL,退出持仓,
2022-05-10,食品ETF,SELL,退出持仓,
2022-05-10,新能源车,SELL,退出持仓,
2022-05-10,军工ETF,BUY,进入持仓,1.348933965772906
2022-05-10,可选消费,BUY,进入持仓,0.9847334168609528
2022-05-10,电力ETF,BUY,进入持仓,1.0281447284766518
2022-05-17,军工ETF,SELL,退出持仓,
2022-05-17,可选消费,SELL,退出持仓,
2022-05-17,电力ETF,SELL,退出持仓,
2022-05-17,电池ETF,BUY,进入持仓,1.6232184526454276
2022-05-17,恒生科技,BUY,进入持仓,1.468156258803591
2022-05-17,智能汽车,BUY,进入持仓,1.5101339445847626
2022-05-24,恒生科技,SELL,退出持仓,
2022-05-24,智能汽车,SELL,退出持仓,
2022-05-24,光伏ETF,BUY,进入持仓,2.2211032226344045
2022-05-24,新能源,BUY,进入持仓,1.7093181108883222
2022-05-31,电池ETF,SELL,退出持仓,
2022-05-31,新能源,SELL,退出持仓,
2022-05-31,恒生科技,BUY,进入持仓,1.0462249112824427
2022-05-31,军工ETF,BUY,进入持仓,0.9395521382269216
2022-06-08,光伏ETF,SELL,退出持仓,
2022-06-08,恒生科技,SELL,退出持仓,
2022-06-08,军工ETF,SELL,退出持仓,
2022-06-08,煤炭ETF,BUY,进入持仓,1.4526939663621465
2022-06-08,电池ETF,BUY,进入持仓,2.0309336524562966
2022-06-08,新能源,BUY,进入持仓,1.3202343347104464
2022-06-15,煤炭ETF,SELL,退出持仓,
2022-06-15,新能源,SELL,退出持仓,
2022-06-15,券商ETF,BUY,进入持仓,1.5689896484171
2022-06-15,证券保险,BUY,进入持仓,1.5918260358868574
2022-06-22,券商ETF,SELL,退出持仓,
2022-06-22,证券保险,SELL,退出持仓,
2022-06-22,环保ETF,BUY,进入持仓,1.4087827517710396
2022-06-22,新能源,BUY,进入持仓,1.6608701728035324
2022-06-29,环保ETF,SELL,退出持仓,
2022-06-29,智能汽车,BUY,进入持仓,1.0202138120366087
2022-07-06,电池ETF,SELL,退出持仓,
2022-07-06,智能汽车,SELL,退出持仓,
2022-07-06,医药ETF,BUY,进入持仓,1.4206844647782284
2022-07-06,光伏ETF,BUY,进入持仓,1.543584817196611
2022-07-13,医药ETF,SELL,退出持仓,
2022-07-13,新能源,SELL,退出持仓,
2022-07-13,环保ETF,BUY,进入持仓,1.6535268048182399
2022-07-13,电力ETF,BUY,进入持仓,2.1505909866850956
2022-07-20,环保ETF,SELL,退出持仓,
2022-07-20,光伏ETF,SELL,退出持仓,
2022-07-20,电力ETF,SELL,退出持仓,
2022-07-20,通信ETF,BUY,进入持仓,2.073943889978593
2022-07-20,军工ETF,BUY,进入持仓,2.2254147439599716
2022-07-20,智能汽车,BUY,进入持仓,1.55687184381692
2022-07-27,通信ETF,SELL,退出持仓,
2022-07-27,光伏ETF,BUY,进入持仓,2.4970171466354874
2022-08-03,光伏ETF,SELL,退出持仓,
2022-08-03,5GETF,BUY,进入持仓,1.506691584048658
2022-08-10,5GETF,SELL,退出持仓,
2022-08-10,军工ETF,SELL,退出持仓,
2022-08-10,智能汽车,SELL,退出持仓,
2022-08-10,半导体,BUY,进入持仓,2.2425612493682974
2022-08-10,电子ETF,BUY,进入持仓,1.326090087138002
2022-08-10,通信ETF,BUY,进入持仓,1.2892064739085018
2022-08-17,通信ETF,SELL,退出持仓,
2022-08-17,光伏ETF,BUY,进入持仓,1.047337324934452
2022-08-24,电子ETF,SELL,退出持仓,
2022-08-24,半导体,SELL,退出持仓,
2022-08-24,煤炭ETF,BUY,进入持仓,2.8935116294427345
2022-08-24,电力ETF,BUY,进入持仓,1.3975293175815215
2022-08-31,光伏ETF,SELL,退出持仓,
2022-08-31,电力ETF,SELL,退出持仓,
2022-08-31,地产ETF,BUY,进入持仓,1.3163611917489
2022-08-31,证券保险,BUY,进入持仓,1.130916657281492
2022-09-07,证券保险,SELL,退出持仓,
2022-09-07,电力ETF,BUY,进入持仓,2.0260184501261147
2022-09-15,电力ETF,SELL,退出持仓,
2022-09-15,银行ETF,BUY,进入持仓,1.6231130078827176
2022-09-22,地产ETF,SELL,退出持仓,
2022-09-22,军工ETF,BUY,进入持仓,1.4548675624585343
2022-09-29,军工ETF,SELL,退出持仓,
2022-09-29,煤炭ETF,SELL,退出持仓,
2022-09-29,银行ETF,SELL,退出持仓,
2022-09-29,食品饮料,BUY,进入持仓,1.5439761480976697
2022-09-29,食品ETF,BUY,进入持仓,1.5149423539095834
2022-09-29,新能源车,BUY,进入持仓,1.511227461927195
2022-10-13,食品饮料,SELL,退出持仓,
2022-10-13,食品ETF,SELL,退出持仓,
2022-10-13,新能源车,SELL,退出持仓,
2022-10-13,软件ETF,BUY,进入持仓,1.4042250602653086
2022-10-13,计算机ETF,BUY,进入持仓,1.1607759805925408
2022-10-13,电力ETF,BUY,进入持仓,1.0062728870509923
2022-10-20,软件ETF,SELL,退出持仓,
2022-10-20,电力ETF,SELL,退出持仓,
2022-10-20,医药ETF,BUY,进入持仓,2.0546770927267977
2022-10-20,医药卫生,BUY,进入持仓,2.208680475143119
2022-10-27,医药ETF,SELL,退出持仓,
2022-10-27,软件ETF,BUY,进入持仓,1.8729793015807006
2022-11-03,医药卫生,SELL,退出持仓,
2022-11-03,半导体,BUY,进入持仓,1.092688487405748
2022-11-10,半导体,SELL,退出持仓,
2022-11-10,计算机ETF,SELL,退出持仓,
2022-11-10,游戏ETF,BUY,进入持仓,1.2827447533051741
2022-11-10,传媒ETF,BUY,进入持仓,1.1866591923485736
2022-11-17,软件ETF,SELL,退出持仓,
2022-11-17,传媒ETF,SELL,退出持仓,
2022-11-17,恒生科技,BUY,进入持仓,1.6854698097194234
2022-11-17,互联网,BUY,进入持仓,1.438853451723492
2022-11-24,游戏ETF,SELL,退出持仓,
2022-11-24,互联网,SELL,退出持仓,
2022-11-24,香港证券,BUY,进入持仓,1.6126988359706245
2022-11-24,地产ETF,BUY,进入持仓,0.9333884030925415
2022-12-08,香港证券,SELL,退出持仓,
2022-12-08,地产ETF,SELL,退出持仓,
2022-12-08,新能源车,BUY,进入持仓,1.3273919785888615
2022-12-08,互联网,BUY,进入持仓,1.3542361404737016
2022-12-15,恒生科技,SELL,退出持仓,
2022-12-15,互联网,SELL,退出持仓,
2022-12-15,食品饮料,BUY,进入持仓,1.9331802388864794
2022-12-15,食品ETF,BUY,进入持仓,1.8847962445386337
2022-12-22,新能源车,SELL,退出持仓,
2022-12-22,恒生科技,BUY,进入持仓,2.134559231191945
2022-12-29,恒生科技,SELL,退出持仓,
2022-12-29,新能源车,BUY,进入持仓,1.397646278690583
2023-01-06,新能源车,SELL,退出持仓,
2023-01-06,软件ETF,BUY,进入持仓,1.1135764462907884
2023-01-13,食品饮料,SELL,退出持仓,
2023-01-13,软件ETF,SELL,退出持仓,
2023-01-13,医药ETF,BUY,进入持仓,1.6500244818381193
2023-01-13,新能源车,BUY,进入持仓,1.1683036295484697
2023-01-20,医药ETF,SELL,退出持仓,
2023-01-20,食品ETF,SELL,退出持仓,
2023-01-20,新能源车,SELL,退出持仓,
2023-01-20,软件ETF,BUY,进入持仓,1.5419738167100019
2023-01-20,光伏ETF,BUY,进入持仓,1.1122592188215017
2023-01-20,计算机ETF,BUY,进入持仓,1.344588518910534
2023-02-03,光伏ETF,SELL,退出持仓,
2023-02-03,游戏ETF,BUY,进入持仓,1.6443805363372388
2023-02-10,软件ETF,SELL,退出持仓,
2023-02-10,计算机ETF,SELL,退出持仓,
2023-02-10,通信ETF,BUY,进入持仓,1.3103769218534842
2023-02-10,传媒ETF,BUY,进入持仓,1.439936309181983
2023-02-17,通信ETF,SELL,退出持仓,
2023-02-17,传媒ETF,SELL,退出持仓,
2023-02-17,软件ETF,BUY,进入持仓,1.0382259733666714
2023-02-17,计算机ETF,BUY,进入持仓,1.1173977807412803
2023-02-24,软件ETF,SELL,退出持仓,
2023-02-24,计算机ETF,SELL,退出持仓,
2023-02-24,通信ETF,BUY,进入持仓,1.3549298163316659
2023-02-24,钢铁ETF,BUY,进入持仓,1.5771451319938965
2023-03-03,钢铁ETF,SELL,退出持仓,
2023-03-03,传媒ETF,BUY,进入持仓,1.4161691405637642
2023-03-10,游戏ETF,SELL,退出持仓,
2023-03-10,传媒ETF,SELL,退出持仓,
2023-03-10,软件ETF,BUY,进入持仓,1.5209039036593008
2023-03-10,计算机ETF,BUY,进入持仓,1.496740722663525
2023-03-17,通信ETF,SELL,退出持仓,
2023-03-17,传媒ETF,BUY,进入持仓,1.56824950415404
2023-03-24,软件ETF,SELL,退出持仓,
2023-03-24,计算机ETF,SELL,退出持仓,
2023-03-24,通信ETF,BUY,进入持仓,1.538207432920827
2023-03-24,游戏ETF,BUY,进入持仓,2.4752826633253036
2023-03-31,通信ETF,SELL,退出持仓,
2023-03-31,软件ETF,BUY,进入持仓,1.9039389585847113
2023-04-10,软件ETF,SELL,退出持仓,
2023-04-10,传媒ETF,SELL,退出持仓,
2023-04-10,半导体,BUY,进入持仓,1.4674281413744288
2023-04-10,芯片ETF,BUY,进入持仓,1.3894368984516303
2023-04-17,半导体,SELL,退出持仓,
2023-04-17,芯片ETF,SELL,退出持仓,
2023-04-17,有色金属,BUY,进入持仓,1.0909276580765075
2023-04-17,传媒ETF,BUY,进入持仓,1.104579648053447
2023-04-24,有色金属,SELL,退出持仓,
2023-04-24,通信ETF,BUY,进入持仓,1.4786536249825575
2023-05-04,通信ETF,SELL,退出持仓,
2023-05-04,电力ETF,BUY,进入持仓,1.321167413869743
2023-05-11,游戏ETF,SELL,退出持仓,
2023-05-11,银行ETF,BUY,进入持仓,1.2865034212181325
2023-05-18,传媒ETF,SELL,退出持仓,
2023-05-18,军工ETF,BUY,进入持仓,1.1476947138188383
2023-05-25,银行ETF,SELL,退出持仓,
2023-05-25,军工ETF,SELL,退出持仓,
2023-05-25,环保ETF,BUY,进入持仓,1.2698188031799587
2023-05-25,光伏ETF,BUY,进入持仓,1.760662079171265
2023-06-01,环保ETF,SELL,退出持仓,
2023-06-01,光伏ETF,SELL,退出持仓,
2023-06-01,电力ETF,SELL,退出持仓,
2023-06-01,通信ETF,BUY,进入持仓,1.8787754800933052
2023-06-01,5GETF,BUY,进入持仓,1.539838243013834
2023-06-01,智能汽车,BUY,进入持仓,1.3871027008405576
2023-06-08,智能汽车,SELL,退出持仓,
2023-06-08,恒生科技,BUY,进入持仓,1.8542348876197634
2023-06-15,恒生科技,SELL,退出持仓,
2023-06-15,游戏ETF,BUY,进入持仓,1.4439708999777081
2023-06-26,游戏ETF,SELL,退出持仓,
2023-06-26,智能汽车,BUY,进入持仓,1.2028480726413986
2023-07-03,5GETF,SELL,退出持仓,
2023-07-03,智能汽车,SELL,退出持仓,
2023-07-03,恒生科技,BUY,进入持仓,1.5641508173143013
2023-07-03,可选消费,BUY,进入持仓,1.3216752328991628
2023-07-10,通信ETF,SELL,退出持仓,
2023-07-10,恒生科技,SELL,退出持仓,
2023-07-10,可选消费,SELL,退出持仓,
2023-07-10,5GETF,BUY,进入持仓,1.0927422537428273
2023-07-10,煤炭ETF,BUY,进入持仓,1.1821181772782303
2023-07-10,智能汽车,BUY,进入持仓,1.9796307087674923
2023-07-17,煤炭ETF,SELL,退出持仓,
2023-07-17,通信ETF,BUY,进入持仓,1.6411721042988323
2023-07-24,通信ETF,SELL,退出持仓,
2023-07-24,5GETF,SELL,退出持仓,
2023-07-24,智能汽车,SELL,退出持仓,
2023-07-24,银行ETF,BUY,进入持仓,1.004789009595616
2023-07-24,券商ETF,BUY,进入持仓,1.2482364879981058
2023-07-24,证券保险,BUY,进入持仓,1.2396433591404736
2023-07-31,银行ETF,SELL,退出持仓,
2023-07-31,恒生科技,BUY,进入持仓,1.546705517820204
2023-08-07,恒生科技,SELL,退出持仓,
2023-08-07,香港证券,BUY,进入持仓,1.116071483652451
2023-08-14,香港证券,SELL,退出持仓,
2023-08-14,地产ETF,BUY,进入持仓,1.5803765131189869
2023-08-28,地产ETF,SELL,退出持仓,
2023-08-28,煤炭ETF,BUY,进入持仓,1.7768435186835438
2023-09-04,券商ETF,SELL,退出持仓,
2023-09-04,证券保险,SELL,退出持仓,
2023-09-04,钢铁ETF,BUY,进入持仓,0.7830901730026696
2023-09-04,新能源车,BUY,进入持仓,0.7843437544965365
2023-09-11,钢铁ETF,SELL,退出持仓,
2023-09-11,新能源车,SELL,退出持仓,
2023-09-11,汽车ETF,BUY,进入持仓,1.107948688943888
2023-09-11,军工ETF,BUY,进入持仓,1.3284481553775978
2023-09-18,军工ETF,SELL,退出持仓,
2023-09-18,医药卫生,BUY,进入持仓,0.9787296574500305
2023-09-25,汽车ETF,SELL,退出持仓,
2023-09-25,通信ETF,BUY,进入持仓,1.3412155892774558
2023-10-10,煤炭ETF,SELL,退出持仓,
2023-10-10,医药卫生,SELL,退出持仓,
2023-10-10,汽车ETF,BUY,进入持仓,2.3007651624532217
2023-10-10,智能汽车,BUY,进入持仓,1.4770007209705365
2023-10-17,通信ETF,SELL,退出持仓,
2023-10-17,智能汽车,SELL,退出持仓,
2023-10-17,医药ETF,BUY,进入持仓,1.3373512331867277
2023-10-17,医药卫生,BUY,进入持仓,1.3980135179944901
2023-10-24,医药ETF,SELL,退出持仓,
2023-10-24,医药卫生,SELL,退出持仓,
2023-10-24,券商ETF,BUY,进入持仓,1.6558584887559202
2023-10-24,证券保险,BUY,进入持仓,1.6799126106696267
2023-10-31,券商ETF,SELL,退出持仓,
2023-10-31,证券保险,SELL,退出持仓,
2023-10-31,半导体,BUY,进入持仓,1.5377136563509963
2023-10-31,芯片ETF,BUY,进入持仓,1.5180823404128212
2023-11-07,芯片ETF,SELL,退出持仓,
2023-11-07,游戏ETF,BUY,进入持仓,1.1181015699036276
2023-11-14,汽车ETF,SELL,退出持仓,
2023-11-14,传媒ETF,BUY,进入持仓,1.0680025348431088
2023-11-21,半导体,SELL,退出持仓,
2023-11-21,医药卫生,BUY,进入持仓,0.7497279555268869
2023-11-28,医药卫生,SELL,退出持仓,
2023-11-28,游戏ETF,SELL,退出持仓,
2023-11-28,汽车ETF,BUY,进入持仓,1.8264732674890307
2023-11-28,煤炭ETF,BUY,进入持仓,2.1221945877738824
2023-12-05,汽车ETF,SELL,退出持仓,
2023-12-05,游戏ETF,BUY,进入持仓,1.7444313394508757
2023-12-26,游戏ETF,SELL,退出持仓,
2023-12-26,传媒ETF,SELL,退出持仓,
2023-12-26,有色金属,BUY,进入持仓,1.5250967326681675
2023-12-26,电力ETF,BUY,进入持仓,1.629278207167988
2024-01-03,有色金属,SELL,退出持仓,
2024-01-03,光伏ETF,BUY,进入持仓,1.795858853805596
2024-01-17,煤炭ETF,SELL,退出持仓,
2024-01-17,电力ETF,SELL,退出持仓,
2024-01-17,银行ETF,BUY,进入持仓,1.9727865479338789
2024-01-17,新能源,BUY,进入持仓,1.4122154181857463
2024-01-24,光伏ETF,SELL,退出持仓,
2024-01-24,新能源,SELL,退出持仓,
2024-01-24,券商ETF,BUY,进入持仓,1.5089368973029245
2024-01-24,证券保险,BUY,进入持仓,1.5794125207615712
2024-01-31,券商ETF,SELL,退出持仓,
2024-01-31,证券保险,SELL,退出持仓,
2024-01-31,煤炭ETF,BUY,进入持仓,1.8884568785357283
2024-01-31,电力ETF,BUY,进入持仓,1.7558092331670707
2024-02-07,煤炭ETF,SELL,退出持仓,
2024-02-07,电力ETF,SELL,退出持仓,
2024-02-07,食品饮料,BUY,进入持仓,0.9027299742396868
2024-02-07,消费ETF,BUY,进入持仓,1.1874816825503107
2024-02-22,食品饮料,SELL,退出持仓,
2024-02-22,消费ETF,SELL,退出持仓,
2024-02-22,通信ETF,BUY,进入持仓,1.668757034308387
2024-02-22,煤炭ETF,BUY,进入持仓,1.5532777466989693
2024-02-29,煤炭ETF,SELL,退出持仓,
2024-02-29,银行ETF,SELL,退出持仓,
2024-02-29,汽车ETF,BUY,进入持仓,1.4216753556916455
2024-02-29,计算机ETF,BUY,进入持仓,1.16181735346581
2024-03-07,汽车ETF,SELL,退出持仓,
2024-03-07,计算机ETF,SELL,退出持仓,
2024-03-07,有色金属,BUY,进入持仓,1.138478820638671
2024-03-07,5GETF,BUY,进入持仓,1.5544980870915701
2024-03-14,有色金属,SELL,退出持仓,
2024-03-14,汽车ETF,BUY,进入持仓,0.9352829983752333
2024-03-21,通信ETF,SELL,退出持仓,
2024-03-21,传媒ETF,BUY,进入持仓,1.1957177182699301
2024-03-28,5GETF,SELL,退出持仓,
2024-03-28,传媒ETF,SELL,退出持仓,
2024-03-28,有色金属,BUY,进入持仓,1.8505568958829528
2024-03-28,电力ETF,BUY,进入持仓,1.1896605969784984
2024-04-08,电力ETF,SELL,退出持仓,
2024-04-08,电池ETF,BUY,进入持仓,1.6987130954352074
2024-04-15,汽车ETF,SELL,退出持仓,
2024-04-15,电池ETF,SELL,退出持仓,
2024-04-15,煤炭ETF,BUY,进入持仓,1.526376224073604
2024-04-15,电力ETF,BUY,进入持仓,1.6325702028923037
2024-04-22,有色金属,SELL,退出持仓,
2024-04-22,煤炭ETF,SELL,退出持仓,
2024-04-22,电力ETF,SELL,退出持仓,
2024-04-22,化工ETF,BUY,进入持仓,1.2939780650041923
2024-04-22,钢铁ETF,BUY,进入持仓,1.2656483321924976
2024-04-22,银行ETF,BUY,进入持仓,1.6361107746780164
2024-04-29,钢铁ETF,SELL,退出持仓,
2024-04-29,银行ETF,SELL,退出持仓,
2024-04-29,通信ETF,BUY,进入持仓,0.8826003950717416
2024-04-29,恒生科技,BUY,进入持仓,1.1277433416429434
2024-05-09,化工ETF,SELL,退出持仓,
2024-05-09,通信ETF,SELL,退出持仓,
2024-05-09,军工ETF,BUY,进入持仓,1.1386491981921136
2024-05-09,互联网,BUY,进入持仓,0.9790452139962593
2024-05-16,军工ETF,SELL,退出持仓,
2024-05-16,互联网,SELL,退出持仓,
2024-05-16,香港证券,BUY,进入持仓,2.439455916267156
2024-05-16,地产ETF,BUY,进入持仓,2.4035872236955464
2024-05-30,香港证券,SELL,退出持仓,
2024-05-30,恒生科技,SELL,退出持仓,
2024-05-30,地产ETF,SELL,退出持仓,
2024-05-30,煤炭ETF,BUY,进入持仓,1.7983380379779608
2024-05-30,银行ETF,BUY,进入持仓,0.9994121738360493
2024-05-30,电力ETF,BUY,进入持仓,1.763239138426771
2024-06-06,煤炭ETF,SELL,退出持仓,
2024-06-06,银行ETF,SELL,退出持仓,
2024-06-06,5GETF,BUY,进入持仓,1.46992678827141
2024-06-06,地产ETF,BUY,进入持仓,1.4272475290000055
2024-06-14,地产ETF,SELL,退出持仓,
2024-06-14,电力ETF,SELL,退出持仓,
2024-06-14,半导体,BUY,进入持仓,1.8823779236501934
2024-06-14,芯片ETF,BUY,进入持仓,1.5716932676338295
2024-06-28,半导体,SELL,退出持仓,
2024-06-28,芯片ETF,SELL,退出持仓,
2024-06-28,银行ETF,BUY,进入持仓,1.4542117861576347
2024-06-28,电力ETF,BUY,进入持仓,1.5023819607573223
2024-07-05,银行ETF,SELL,退出持仓,
2024-07-05,有色金属,BUY,进入持仓,1.3392689649245642
2024-07-12,5GETF,SELL,退出持仓,
2024-07-12,有色金属,SELL,退出持仓,
2024-07-12,电力ETF,SELL,退出持仓,
2024-07-12,汽车ETF,BUY,进入持仓,1.6287728403281765
2024-07-12,银行ETF,BUY,进入持仓,1.5766380342029187
2024-07-12,智能汽车,BUY,进入持仓,1.7350981151351568
2024-07-19,汽车ETF,SELL,退出持仓,
2024-07-19,智能汽车,SELL,退出持仓,
2024-07-19,半导体,BUY,进入持仓,1.0913116058729253
2024-07-19,芯片ETF,BUY,进入持仓,1.4096541503692794
2024-07-26,半导体,SELL,退出持仓,
2024-07-26,银行ETF,SELL,退出持仓,
2024-07-26,芯片ETF,SELL,退出持仓,
2024-07-26,环保ETF,BUY,进入持仓,1.4221821472562248
2024-07-26,军工ETF,BUY,进入持仓,1.4027911837658193
2024-07-26,新能源,BUY,进入持仓,1.2826096529993767
2024-08-02,环保ETF,SELL,退出持仓,
2024-08-02,新能源,SELL,退出持仓,
2024-08-02,券商ETF,BUY,进入持仓,1.5166746985569186
2024-08-02,证券保险,BUY,进入持仓,1.5530702582923581
2024-08-09,军工ETF,SELL,退出持仓,
2024-08-09,地产ETF,BUY,进入持仓,1.6081070618671647
2024-08-16,地产ETF,SELL,退出持仓,
2024-08-16,游戏ETF,BUY,进入持仓,2.0850795598046443
2024-08-23,游戏ETF,SELL,退出持仓,
2024-08-23,证券保险,SELL,退出持仓,
2024-08-23,恒生科技,BUY,进入持仓,1.5498222325457063
2024-08-23,银行ETF,BUY,进入持仓,3.1194440826331826
2024-08-30,银行ETF,SELL,退出持仓,
2024-08-30,券商ETF,SELL,退出持仓,
2024-08-30,游戏ETF,BUY,进入持仓,1.7932883602862755
2024-08-30,互联网,BUY,进入持仓,1.2058966944234926
2024-09-06,恒生科技,SELL,退出持仓,
2024-09-06,互联网,SELL,退出持仓,
2024-09-06,电池ETF,BUY,进入持仓,1.4314375141108036
2024-09-06,可选消费,BUY,进入持仓,1.526783973458285
2024-09-13,电池ETF,SELL,退出持仓,
2024-09-13,可选消费,SELL,退出持仓,
2024-09-13,游戏ETF,SELL,退出持仓,
2024-09-13,香港证券,BUY,进入持仓,1.1131595816861135
2024-09-13,恒生科技,BUY,进入持仓,1.3433711939768753
2024-09-13,互联网,BUY,进入持仓,1.4969442664566994
2024-10-08,恒生科技,SELL,退出持仓,
2024-10-08,互联网,SELL,退出持仓,
2024-10-08,软件ETF,BUY,进入持仓,1.280390391014655
2024-10-08,券商ETF,BUY,进入持仓,1.6019890781364887
2024-10-15,券商ETF,SELL,退出持仓,
2024-10-15,半导体,BUY,进入持仓,1.7891321354482224
2024-10-22,软件ETF,SELL,退出持仓,
2024-10-22,芯片ETF,BUY,进入持仓,1.7431904728579128
2024-10-29,半导体,SELL,退出持仓,
2024-10-29,光伏ETF,BUY,进入持仓,1.2111444450580338
2024-11-05,光伏ETF,SELL,退出持仓,
2024-11-05,芯片ETF,SELL,退出持仓,
2024-11-05,软件ETF,BUY,进入持仓,1.3788579912516323
2024-11-05,半导体,BUY,进入持仓,1.3504812304705816
2024-11-12,香港证券,SELL,退出持仓,
2024-11-12,计算机ETF,BUY,进入持仓,1.6924325410633458
2024-11-19,软件ETF,SELL,退出持仓,
2024-11-19,计算机ETF,SELL,退出持仓,
2024-11-19,半导体,SELL,退出持仓,
2024-11-19,汽车ETF,BUY,进入持仓,1.4590951091007882
2024-11-19,电池ETF,BUY,进入持仓,1.2750471999890196
2024-11-19,新能源,BUY,进入持仓,0.990748033850718
2024-11-26,汽车ETF,SELL,退出持仓,
2024-11-26,电池ETF,SELL,退出持仓,
2024-11-26,新能源,SELL,退出持仓,
2024-11-26,软件ETF,BUY,进入持仓,1.603205666328078
2024-11-26,传媒ETF,BUY,进入持仓,1.8955019984969237
2024-11-26,游戏ETF,BUY,进入持仓,1.4623551033325248
2024-12-10,软件ETF,SELL,退出持仓,
2024-12-10,银行ETF,BUY,进入持仓,1.5042649278345335
2024-12-17,银行ETF,SELL,退出持仓,
2024-12-17,电力ETF,BUY,进入持仓,1.03806075061535
2024-12-24,传媒ETF,SELL,退出持仓,
2024-12-24,电力ETF,SELL,退出持仓,
2024-12-24,游戏ETF,SELL,退出持仓,
2024-12-24,半导体,BUY,进入持仓,1.7769575643190678
2024-12-24,芯片ETF,BUY,进入持仓,1.6745067169943182
2024-12-24,5GETF,BUY,进入持仓,1.4670129417370972
2024-12-31,半导体,SELL,退出持仓,
2024-12-31,芯片ETF,SELL,退出持仓,
2024-12-31,银行ETF,BUY,进入持仓,2.1636474980074794
2024-12-31,可选消费,BUY,进入持仓,1.1072706203207667
2025-01-08,5GETF,SELL,退出持仓,
2025-01-08,芯片ETF,BUY,进入持仓,1.4664187629855039
2025-01-15,银行ETF,SELL,退出持仓,
2025-01-15,可选消费,SELL,退出持仓,
2025-01-15,半导体,BUY,进入持仓,1.690374985414647
2025-01-15,有色金属,BUY,进入持仓,1.4194499672082417
2025-01-22,半导体,SELL,退出持仓,
2025-01-22,有色金属,SELL,退出持仓,
2025-01-22,芯片ETF,SELL,退出持仓,
2025-01-22,5GETF,BUY,进入持仓,2.2733089181665975
2025-01-22,恒生科技,BUY,进入持仓,1.39168495172999
2025-01-22,通信ETF,BUY,进入持仓,2.263905423238678
2025-02-06,5GETF,SELL,退出持仓,
2025-02-06,通信ETF,SELL,退出持仓,
2025-02-06,软件ETF,BUY,进入持仓,1.6554190108652125
2025-02-06,游戏ETF,BUY,进入持仓,1.5886973509571662
2025-02-13,恒生科技,SELL,退出持仓,
2025-02-13,互联网,BUY,进入持仓,1.715303992457382
2025-02-20,游戏ETF,SELL,退出持仓,
2025-02-20,恒生科技,BUY,进入持仓,1.6964631471279623
2025-02-27,软件ETF,SELL,退出持仓,
2025-02-27,计算机ETF,BUY,进入持仓,0.8841710127726974
2025-03-06,计算机ETF,SELL,退出持仓,
2025-03-06,软件ETF,BUY,进入持仓,1.4657478197508365
2025-03-13,软件ETF,SELL,退出持仓,
2025-03-13,恒生科技,SELL,退出持仓,
2025-03-13,互联网,SELL,退出持仓,
2025-03-13,有色金属,BUY,进入持仓,1.183878636262981
2025-03-13,钢铁ETF,BUY,进入持仓,1.5937619003639947
2025-03-13,军工ETF,BUY,进入持仓,1.4691823281005056
2025-03-20,钢铁ETF,SELL,退出持仓,
2025-03-20,军工ETF,SELL,退出持仓,
2025-03-20,香港证券,BUY,进入持仓,1.2783850749115806
2025-03-20,新能源车,BUY,进入持仓,0.9666051197525883
2025-03-27,香港证券,SELL,退出持仓,
2025-03-27,新能源车,SELL,退出持仓,
2025-03-27,煤炭ETF,BUY,进入持仓,1.2613245176234233
2025-03-27,农业ETF,BUY,进入持仓,1.421873220117887
2025-04-03,有色金属,SELL,退出持仓,
2025-04-03,煤炭ETF,SELL,退出持仓,
2025-04-03,食品ETF,BUY,进入持仓,1.2238883196383323
2025-04-03,电力ETF,BUY,进入持仓,1.8077618821150336
2025-04-11,电力ETF,SELL,退出持仓,
2025-04-11,消费ETF,BUY,进入持仓,1.5859245053356195
2025-04-18,农业ETF,SELL,退出持仓,
2025-04-18,消费ETF,SELL,退出持仓,
2025-04-18,食品ETF,SELL,退出持仓,
2025-04-18,银行ETF,BUY,进入持仓,1.7816949545944154
2025-04-18,地产ETF,BUY,进入持仓,1.550836111904394
2025-04-18,电力ETF,BUY,进入持仓,1.2523452295275856
2025-04-25,地产ETF,SELL,退出持仓,
2025-04-25,农业ETF,BUY,进入持仓,1.088457408809019
2025-05-07,农业ETF,SELL,退出持仓,
2025-05-07,银行ETF,SELL,退出持仓,
2025-05-07,电力ETF,SELL,退出持仓,
2025-05-07,半导体,BUY,进入持仓,1.374104615329394
2025-05-07,军工ETF,BUY,进入持仓,1.5445526505641767
2025-05-07,芯片ETF,BUY,进入持仓,1.4196245073593508
2025-05-14,半导体,SELL,退出持仓,
2025-05-14,军工ETF,SELL,退出持仓,
2025-05-14,芯片ETF,SELL,退出持仓,
2025-05-14,通信ETF,BUY,进入持仓,1.7421715399107436
2025-05-14,电池ETF,BUY,进入持仓,1.2506522153380573
2025-05-14,香港证券,BUY,进入持仓,1.2733856687313114
2025-05-21,通信ETF,SELL,退出持仓,
2025-05-21,香港证券,SELL,退出持仓,
2025-05-21,医药ETF,BUY,进入持仓,1.0932631868863627
2025-05-21,可选消费,BUY,进入持仓,1.1537050367030934
2025-05-28,电池ETF,SELL,退出持仓,
2025-05-28,可选消费,SELL,退出持仓,
2025-05-28,农业ETF,BUY,进入持仓,1.2758314059039904
2025-05-28,银行ETF,BUY,进入持仓,1.2657038315885547
2025-06-05,医药ETF,SELL,退出持仓,
2025-06-05,农业ETF,SELL,退出持仓,
2025-06-05,银行ETF,SELL,退出持仓,
2025-06-05,香港证券,BUY,进入持仓,1.798120656987928
2025-06-05,通信ETF,BUY,进入持仓,1.752473296177588
2025-06-05,游戏ETF,BUY,进入持仓,1.3761071779409426
2025-06-12,通信ETF,SELL,退出持仓,
2025-06-12,有色金属,BUY,进入持仓,1.3309490348838307
2025-06-19,香港证券,SELL,退出持仓,
2025-06-19,有色金属,SELL,退出持仓,
2025-06-19,通信ETF,BUY,进入持仓,2.2108321907664648
2025-06-19,5GETF,BUY,进入持仓,1.9168961455066247
2025-06-26,5GETF,SELL,退出持仓,
2025-06-26,游戏ETF,SELL,退出持仓,
2025-06-26,香港证券,BUY,进入持仓,2.5990085593635692
2025-06-26,银行ETF,BUY,进入持仓,1.1678107253115755
2025-07-03,银行ETF,SELL,退出持仓,
2025-07-03,5GETF,BUY,进入持仓,1.5180318474776058
2025-07-10,通信ETF,SELL,退出持仓,
2025-07-10,光伏ETF,BUY,进入持仓,1.3554840686310425
2025-07-17,光伏ETF,SELL,退出持仓,
2025-07-17,通信ETF,BUY,进入持仓,1.8960634601521136
2025-07-24,通信ETF,SELL,退出持仓,
2025-07-24,5GETF,SELL,退出持仓,
2025-07-24,有色金属,BUY,进入持仓,1.1927872941239506
2025-07-24,钢铁ETF,BUY,进入持仓,1.4572219416650252
2025-07-31,有色金属,SELL,退出持仓,
2025-07-31,钢铁ETF,SELL,退出持仓,
2025-07-31,通信ETF,BUY,进入持仓,2.262796606551616
2025-07-31,5GETF,BUY,进入持仓,1.930991608423721
2025-08-07,香港证券,SELL,退出持仓,
2025-08-07,5GETF,SELL,退出持仓,
2025-08-07,有色金属,BUY,进入持仓,1.2536816937383406
2025-08-07,军工ETF,BUY,进入持仓,1.2080077654363648
2025-08-14,军工ETF,SELL,退出持仓,
2025-08-14,5GETF,BUY,进入持仓,1.7902475818249017
2025-08-21,有色金属,SELL,退出持仓,
2025-08-21,电子ETF,BUY,进入持仓,0.9533581920661514
2025-08-28,电子ETF,SELL,退出持仓,
2025-08-28,芯片ETF,BUY,进入持仓,1.8057880668776425
2025-09-04,芯片ETF,SELL,退出持仓,
2025-09-04,电池ETF,BUY,进入持仓,1.2722537176460005
2025-09-18,通信ETF,SELL,退出持仓,
2025-09-18,芯片ETF,BUY,进入持仓,1.4524045938675543
2025-09-25,5GETF,SELL,退出持仓,
2025-09-25,芯片ETF,SELL,退出持仓,
2025-09-25,环保ETF,BUY,进入持仓,1.1865936837618412
2025-09-25,新能源,BUY,进入持仓,1.407052333266123
2025-10-10,环保ETF,SELL,退出持仓,
2025-10-10,有色金属,BUY,进入持仓,1.5313217894450277
2025-10-17,电池ETF,SELL,退出持仓,
2025-10-17,新能源,SELL,退出持仓,
2025-10-17,半导体,BUY,进入持仓,0.8603753822252065
2025-10-17,煤炭ETF,BUY,进入持仓,2.0538857395262955
2025-10-24,半导体,SELL,退出持仓,
2025-10-24,煤炭ETF,SELL,退出持仓,
2025-10-24,通信ETF,BUY,进入持仓,1.3454539237205598
2025-10-24,5GETF,BUY,进入持仓,1.2444526692244358
